site_id,class_id,spp_id,size_class,a,b,w,mpa_id
1,1,52,20,0.004,3.275,72.93453646227073,1
1,1,52,25,0.004,3.275,151.4654291651658,1
1,1,52,30,0.004,3.275,275.18965295580875,1
1,1,52,40,0.004,3.275,706.0028641543724,1
1,1,52,40,0.004,3.275,706.0028641543724,1
1,1,52,25,0.004,3.275,151.4654291651658,1
1,1,52,20,0.004,3.275,72.93453646227073,1
1,1,52,30,0.004,3.275,275.18965295580875,1
1,1,52,20,0.004,3.275,72.93453646227073,1
1,1,52,30,0.004,3.275,275.18965295580875,1
1,1,52,10,0.004,3.275,7.534596357959201,1
1,1,52,20,0.004,3.275,72.93453646227073,1
1,1,52,15,0.004,3.275,28.42882202975941,1
1,1,52,20,0.004,3.275,72.93453646227073,1
1,1,94,7.5,0.0091,3.137,5.059511362607878,1
1,1,44,5,0.0152,3.0063,1.9193629709456266,1
1,1,44,7.5,0.0152,3.0063,6.4944183949192285,1
1,1,44,10,0.0152,3.0063,15.422102595617654,1
1,1,44,12.5,0.0152,3.0063,30.163668557182834,1
1,1,44,2.5,0.0152,3.0063,0.23887496477192774,1
1,1,44,5,0.0152,3.0063,1.9193629709456266,1
1,1,44,10,0.0152,3.0063,15.422102595617654,1
1,1,44,7.5,0.0152,3.0063,6.4944183949192285,1
1,1,44,10,0.0152,3.0063,15.422102595617654,1
1,1,44,15,0.0152,3.0063,52.18272327925838,1
1,1,44,2.5,0.0152,3.0063,0.23887496477192774,1
1,1,44,5,0.0152,3.0063,1.9193629709456266,1
1,1,44,7.5,0.0152,3.0063,6.4944183949192285,1
1,1,44,10,0.0152,3.0063,15.422102595617654,1
1,1,44,12.5,0.0152,3.0063,30.163668557182834,1
1,1,44,7.5,0.0152,3.0063,6.4944183949192285,1
1,1,44,10,0.0152,3.0063,15.422102595617654,1
1,1,44,12.5,0.0152,3.0063,30.163668557182834,1
1,1,44,5,0.0152,3.0063,1.9193629709456266,1
1,1,44,7.5,0.0152,3.0063,6.4944183949192285,1
1,1,44,10,0.0152,3.0063,15.422102595617654,1
1,1,44,12.5,0.0152,3.0063,30.163668557182834,1
1,1,44,7.5,0.0152,3.0063,6.4944183949192285,1
1,1,44,10,0.0152,3.0063,15.422102595617654,1
1,1,44,10,0.0152,3.0063,15.422102595617654,1
1,1,44,5,0.0152,3.0063,1.9193629709456266,1
1,1,44,7.5,0.0152,3.0063,6.4944183949192285,1
1,1,44,10,0.0152,3.0063,15.422102595617654,1
1,1,44,2.5,0.0152,3.0063,0.23887496477192774,1
1,1,44,7.5,0.0152,3.0063,6.4944183949192285,1
1,1,44,5,0.0152,3.0063,1.9193629709456266,1
1,1,44,7.5,0.0152,3.0063,6.4944183949192285,1
1,1,44,2.5,0.0152,3.0063,0.23887496477192774,1
1,1,44,7.5,0.0152,3.0063,6.4944183949192285,1
1,1,44,5,0.0152,3.0063,1.9193629709456266,1
1,1,44,7.5,0.0152,3.0063,6.4944183949192285,1
1,1,44,5,0.0152,3.0063,1.9193629709456266,1
1,1,44,7.5,0.0152,3.0063,6.4944183949192285,1
1,1,44,5,0.0152,3.0063,1.9193629709456266,1
1,1,44,7.5,0.0152,3.0063,6.4944183949192285,1
1,1,44,10,0.0152,3.0063,15.422102595617654,1
1,1,44,5,0.0152,3.0063,1.9193629709456266,1
1,1,44,7.5,0.0152,3.0063,6.4944183949192285,1
1,1,44,10,0.0152,3.0063,15.422102595617654,1
1,1,44,12.5,0.0152,3.0063,30.163668557182834,1
1,1,44,15,0.0152,3.0063,52.18272327925838,1
1,1,44,7.5,0.0152,3.0063,6.4944183949192285,1
1,1,44,10,0.0152,3.0063,15.422102595617654,1
1,1,44,12.5,0.0152,3.0063,30.163668557182834,1
1,1,44,10,0.0152,3.0063,15.422102595617654,1
1,1,44,5,0.0152,3.0063,1.9193629709456266,1
1,1,44,7.5,0.0152,3.0063,6.4944183949192285,1
1,1,44,10,0.0152,3.0063,15.422102595617654,1
1,1,44,12.5,0.0152,3.0063,30.163668557182834,1
1,1,44,12.5,0.0152,3.0063,30.163668557182834,1
1,1,44,2.5,0.0152,3.0063,0.23887496477192774,1
1,1,44,5,0.0152,3.0063,1.9193629709456266,1
1,1,44,7.5,0.0152,3.0063,6.4944183949192285,1
1,1,44,10,0.0152,3.0063,15.422102595617654,1
1,1,44,12.5,0.0152,3.0063,30.163668557182834,1
1,1,44,7.5,0.0152,3.0063,6.4944183949192285,1
1,1,44,10,0.0152,3.0063,15.422102595617654,1
1,1,44,12.5,0.0152,3.0063,30.163668557182834,1
1,1,44,15,0.0152,3.0063,52.18272327925838,1
1,1,44,25,0.0152,3.0063,242.3654088313962,1
1,1,44,7.5,0.0152,3.0063,6.4944183949192285,1
1,1,44,10,0.0152,3.0063,15.422102595617654,1
1,1,44,12.5,0.0152,3.0063,30.163668557182834,1
1,1,44,2.5,0.0152,3.0063,0.23887496477192774,1
1,1,44,5,0.0152,3.0063,1.9193629709456266,1
1,1,44,7.5,0.0152,3.0063,6.4944183949192285,1
1,1,44,5,0.0152,3.0063,1.9193629709456266,1
1,1,44,7.5,0.0152,3.0063,6.4944183949192285,1
1,1,44,10,0.0152,3.0063,15.422102595617654,1
1,1,44,12.5,0.0152,3.0063,30.163668557182834,1
1,1,44,15,0.0152,3.0063,52.18272327925838,1
1,1,44,10,0.0152,3.0063,15.422102595617654,1
1,1,44,12.5,0.0152,3.0063,30.163668557182834,1
1,1,44,15,0.0152,3.0063,52.18272327925838,1
1,1,44,20,0.0152,3.0063,123.91676408791912,1
1,1,44,2.5,0.0152,3.0063,0.23887496477192774,1
1,1,44,5,0.0152,3.0063,1.9193629709456266,1
1,1,44,7.5,0.0152,3.0063,6.4944183949192285,1
1,1,44,10,0.0152,3.0063,15.422102595617654,1
1,1,44,12.5,0.0152,3.0063,30.163668557182834,1
1,1,44,10,0.0152,3.0063,15.422102595617654,1
1,1,44,2.5,0.0152,3.0063,0.23887496477192774,1
1,1,44,5,0.0152,3.0063,1.9193629709456266,1
1,1,44,7.5,0.0152,3.0063,6.4944183949192285,1
1,1,44,10,0.0152,3.0063,15.422102595617654,1
1,1,44,5,0.0152,3.0063,1.9193629709456266,1
1,1,44,5,0.0152,3.0063,1.9193629709456266,1
1,1,44,7.5,0.0152,3.0063,6.4944183949192285,1
1,1,44,2.5,0.0152,3.0063,0.23887496477192774,1
1,1,44,5,0.0152,3.0063,1.9193629709456266,1
1,1,44,7.5,0.0152,3.0063,6.4944183949192285,1
1,1,44,10,0.0152,3.0063,15.422102595617654,1
1,1,44,12.5,0.0152,3.0063,30.163668557182834,1
1,1,44,2.5,0.0152,3.0063,0.23887496477192774,1
1,1,44,5,0.0152,3.0063,1.9193629709456266,1
1,1,44,7.5,0.0152,3.0063,6.4944183949192285,1
1,1,44,10,0.0152,3.0063,15.422102595617654,1
1,1,44,5,0.0152,3.0063,1.9193629709456266,1
1,1,44,7.5,0.0152,3.0063,6.4944183949192285,1
1,1,44,10,0.0152,3.0063,15.422102595617654,1
1,1,44,12.5,0.0152,3.0063,30.163668557182834,1
1,1,44,2.5,0.0152,3.0063,0.23887496477192774,1
1,1,44,5,0.0152,3.0063,1.9193629709456266,1
1,1,44,7.5,0.0152,3.0063,6.4944183949192285,1
1,1,44,10,0.0152,3.0063,15.422102595617654,1
1,1,44,5,0.0152,3.0063,1.9193629709456266,1
1,1,44,7.5,0.0152,3.0063,6.4944183949192285,1
1,1,44,12.5,0.0152,3.0063,30.163668557182834,1
1,1,44,5,0.0152,3.0063,1.9193629709456266,1
1,1,44,7.5,0.0152,3.0063,6.4944183949192285,1
1,1,44,10,0.0152,3.0063,15.422102595617654,1
1,1,44,12.5,0.0152,3.0063,30.163668557182834,1
1,1,44,5,0.0152,3.0063,1.9193629709456266,1
1,1,44,7.5,0.0152,3.0063,6.4944183949192285,1
1,1,44,10,0.0152,3.0063,15.422102595617654,1
1,1,44,12.5,0.0152,3.0063,30.163668557182834,1
1,1,44,10,0.0152,3.0063,15.422102595617654,1
1,1,44,5,0.0152,3.0063,1.9193629709456266,1
1,1,44,7.5,0.0152,3.0063,6.4944183949192285,1
1,1,44,10,0.0152,3.0063,15.422102595617654,1
1,1,44,12.5,0.0152,3.0063,30.163668557182834,1
1,1,44,15,0.0152,3.0063,52.18272327925838,1
1,1,44,7.5,0.0152,3.0063,6.4944183949192285,1
1,1,44,5,0.0152,3.0063,1.9193629709456266,1
1,1,44,7.5,0.0152,3.0063,6.4944183949192285,1
1,1,44,10,0.0152,3.0063,15.422102595617654,1
1,1,44,12.5,0.0152,3.0063,30.163668557182834,1
1,1,44,5,0.0152,3.0063,1.9193629709456266,1
1,1,44,12.5,0.0152,3.0063,30.163668557182834,1
1,1,44,7.5,0.0152,3.0063,6.4944183949192285,1
1,1,44,12.5,0.0152,3.0063,30.163668557182834,1
1,1,44,5,0.0152,3.0063,1.9193629709456266,1
1,1,44,7.5,0.0152,3.0063,6.4944183949192285,1
1,1,44,2.5,0.0152,3.0063,0.23887496477192774,1
1,1,44,5,0.0152,3.0063,1.9193629709456266,1
1,1,44,7.5,0.0152,3.0063,6.4944183949192285,1
1,1,44,10,0.0152,3.0063,15.422102595617654,1
1,1,44,12.5,0.0152,3.0063,30.163668557182834,1
1,1,44,5,0.0152,3.0063,1.9193629709456266,1
1,1,44,7.5,0.0152,3.0063,6.4944183949192285,1
1,1,44,10,0.0152,3.0063,15.422102595617654,1
1,1,44,12.5,0.0152,3.0063,30.163668557182834,1
1,1,44,2.5,0.0152,3.0063,0.23887496477192774,1
1,1,44,5,0.0152,3.0063,1.9193629709456266,1
1,1,44,7.5,0.0152,3.0063,6.4944183949192285,1
1,1,44,10,0.0152,3.0063,15.422102595617654,1
1,1,44,12.5,0.0152,3.0063,30.163668557182834,1
1,1,44,15,0.0152,3.0063,52.18272327925838,1
1,1,44,2.5,0.0152,3.0063,0.23887496477192774,1
1,1,44,5,0.0152,3.0063,1.9193629709456266,1
1,1,44,7.5,0.0152,3.0063,6.4944183949192285,1
1,1,44,10,0.0152,3.0063,15.422102595617654,1
1,1,44,12.5,0.0152,3.0063,30.163668557182834,1
1,1,44,15,0.0152,3.0063,52.18272327925838,1
1,1,44,5,0.0152,3.0063,1.9193629709456266,1
1,1,44,7.5,0.0152,3.0063,6.4944183949192285,1
1,1,44,2.5,0.0152,3.0063,0.23887496477192774,1
1,1,44,5,0.0152,3.0063,1.9193629709456266,1
1,1,44,7.5,0.0152,3.0063,6.4944183949192285,1
1,1,44,10,0.0152,3.0063,15.422102595617654,1
1,1,44,12.5,0.0152,3.0063,30.163668557182834,1
1,1,28,35,0.0154,2.773,294.5923113110897,1
1,1,28,30,0.0154,2.773,192.12238095598855,1
1,1,28,35,0.0154,2.773,294.5923113110897,1
1,1,28,35,0.0154,2.773,294.5923113110897,1
1,1,28,20,0.0154,2.773,62.41326450637539,1
1,1,28,25,0.0154,2.773,115.87996754153191,1
1,1,28,15,0.0154,2.773,28.107471708469074,1
1,1,28,35,0.0154,2.773,294.5923113110897,1
1,1,28,30,0.0154,2.773,192.12238095598855,1
1,1,28,30,0.0154,2.773,192.12238095598855,1
1,1,28,20,0.0154,2.773,62.41326450637539,1
1,1,28,30,0.0154,2.773,192.12238095598855,1
1,1,28,35,0.0154,2.773,294.5923113110897,1
1,1,28,40,0.0154,2.773,426.61200923979663,1
1,1,28,35,0.0154,2.773,294.5923113110897,1
1,1,28,50,0.0154,2.773,792.0717843317677,1
1,1,28,35,0.0154,2.773,294.5923113110897,1
1,1,28,40,0.0154,2.773,426.61200923979663,1
1,1,107,20,0.0097,3.144,119.45657002732729,1
1,1,107,20,0.0097,3.144,119.45657002732729,1
1,1,107,25,0.0097,3.144,240.9323527036207,1
1,1,74,5,0.0119,3.026,1.5510657016996428,1
1,1,74,12.5,0.0119,3.026,24.819707598187623,1
1,1,74,20,0.0119,3.026,102.91145732518048,1
1,1,74,2.5,0.0119,3.026,0.19042038006177694,1
1,1,74,7.5,0.0119,3.026,5.290324897580466,1
1,1,74,10,0.0119,3.026,12.634177130664819,1
1,1,74,5,0.0119,3.026,1.5510657016996428,1
1,1,74,7.5,0.0119,3.026,5.290324897580466,1
1,1,74,7.5,0.0119,3.026,5.290324897580466,1
1,1,74,12.5,0.0119,3.026,24.819707598187623,1
1,1,74,15,0.0119,3.026,43.09224410130171,1
1,1,74,7.5,0.0119,3.026,5.290324897580466,1
1,1,74,10,0.0119,3.026,12.634177130664819,1
1,1,74,5,0.0119,3.026,1.5510657016996428,1
1,1,36,20,0.0163,3.022,139.2836859617688,1
1,1,36,10,0.0163,3.022,17.146978543318525,1
1,1,36,12.5,0.0163,3.022,33.65500533322247,1
1,1,36,15,0.0163,3.022,58.38958509766651,1
1,1,36,20,0.0163,3.022,139.2836859617688,1
1,1,36,25,0.0163,3.022,273.37721231947165,1
1,1,36,40,0.0163,3.022,1131.3914650377862,1
1,1,36,25,0.0163,3.022,273.37721231947165,1
1,1,36,30,0.0163,3.022,474.29444281601116,1
1,1,36,35,0.0163,3.022,755.7205542803694,1
1,1,36,40,0.0163,3.022,1131.3914650377862,1
1,1,36,30,0.0163,3.022,474.29444281601116,1
1,1,36,40,0.0163,3.022,1131.3914650377862,1
1,1,36,50,0.0163,3.022,2220.623633115009,1
1,1,36,25,0.0163,3.022,273.37721231947165,1
1,1,36,20,0.0163,3.022,139.2836859617688,1
1,1,37,20,0.0163,3.022,139.2836859617688,1
1,1,37,25,0.0163,3.022,273.37721231947165,1
1,1,37,30,0.0163,3.022,474.29444281601116,1
1,1,37,15,0.0163,3.022,58.38958509766651,1
1,1,37,20,0.0163,3.022,139.2836859617688,1
1,1,37,25,0.0163,3.022,273.37721231947165,1
1,1,37,20,0.0163,3.022,139.2836859617688,1
1,1,37,20,0.0163,3.022,139.2836859617688,1
1,1,37,35,0.0163,3.022,755.7205542803694,1
1,1,37,25,0.0163,3.022,273.37721231947165,1
1,1,37,15,0.0163,3.022,58.38958509766651,1
1,1,37,20,0.0163,3.022,139.2836859617688,1
1,1,37,20,0.0163,3.022,139.2836859617688,1
1,1,37,40,0.0163,3.022,1131.3914650377862,1
1,1,49,20,0.0226,3.055,213.18423033101058,1
1,1,49,15,0.0226,3.055,88.52526501462515,1
1,1,49,20,0.0226,3.055,213.18423033101058,1
1,1,49,25,0.0226,3.055,421.5170689149885,1
1,1,49,20,0.0226,3.055,213.18423033101058,1
1,1,49,35,0.0226,3.055,1178.2469239967243,1
1,1,49,35,0.0226,3.055,1178.2469239967243,1
1,1,49,40,0.0226,3.055,1771.7470268710113,1
1,1,49,40,0.0226,3.055,1771.7470268710113,1
1,1,49,50,0.0226,3.055,3503.174753901478,1
1,1,49,10,0.0226,3.055,25.651244434194325,1
1,1,49,35,0.0226,3.055,1178.2469239967243,1
1,1,49,40,0.0226,3.055,1771.7470268710113,1
1,1,49,50,0.0226,3.055,3503.174753901478,1
1,1,49,40,0.0226,3.055,1771.7470268710113,1
1,1,49,50,0.0226,3.055,3503.174753901478,1
1,1,49,10,0.0226,3.055,25.651244434194325,1
1,1,49,30,0.0226,3.055,735.7222194582527,1
1,1,49,35,0.0226,3.055,1178.2469239967243,1
1,1,49,40,0.0226,3.055,1771.7470268710113,1
1,1,49,50,0.0226,3.055,3503.174753901478,1
1,1,49,25,0.0226,3.055,421.5170689149885,1
1,1,95,12.5,0.0076,3.136,20.927791172794727,1
1,1,95,7.5,0.0076,3.136,4.217020519829677,1
1,1,95,7.5,0.0076,3.136,4.217020519829677,1
1,1,95,10,0.0076,3.136,10.394739074528456,1
1,1,95,12.5,0.0076,3.136,20.927791172794727,1
1,1,95,15,0.0076,3.136,37.07112627058469,1
1,1,95,20,0.0076,3.136,91.37842298125429,1
1,1,95,10,0.0076,3.136,10.394739074528456,1
1,1,95,12.5,0.0076,3.136,20.927791172794727,1
1,1,95,12.5,0.0076,3.136,20.927791172794727,1
1,1,95,15,0.0076,3.136,37.07112627058469,1
1,1,95,7.5,0.0076,3.136,4.217020519829677,1
1,1,95,10,0.0076,3.136,10.394739074528456,1
1,1,95,12.5,0.0076,3.136,20.927791172794727,1
1,1,95,15,0.0076,3.136,37.07112627058469,1
1,1,95,20,0.0076,3.136,91.37842298125429,1
1,1,95,7.5,0.0076,3.136,4.217020519829677,1
1,1,95,10,0.0076,3.136,10.394739074528456,1
1,1,95,10,0.0076,3.136,10.394739074528456,1
1,1,95,12.5,0.0076,3.136,20.927791172794727,1
1,1,95,10,0.0076,3.136,10.394739074528456,1
1,1,95,12.5,0.0076,3.136,20.927791172794727,1
1,1,95,7.5,0.0076,3.136,4.217020519829677,1
1,1,95,10,0.0076,3.136,10.394739074528456,1
1,1,95,12.5,0.0076,3.136,20.927791172794727,1
1,1,95,15,0.0076,3.136,37.07112627058469,1
1,1,95,30,0.0076,3.136,325.8861076220564,1
1,1,95,12.5,0.0076,3.136,20.927791172794727,1
1,1,95,15,0.0076,3.136,37.07112627058469,1
1,1,95,15,0.0076,3.136,37.07112627058469,1
1,1,95,25,0.0076,3.136,183.97273275834945,1
1,1,95,10,0.0076,3.136,10.394739074528456,1
1,1,95,15,0.0076,3.136,37.07112627058469,1
1,1,95,12.5,0.0076,3.136,20.927791172794727,1
1,1,95,15,0.0076,3.136,37.07112627058469,1
1,1,95,5,0.0076,3.136,1.182452015501456,1
1,1,95,7.5,0.0076,3.136,4.217020519829677,1
1,1,95,10,0.0076,3.136,10.394739074528456,1
1,1,95,12.5,0.0076,3.136,20.927791172794727,1
1,1,95,5,0.0076,3.136,1.182452015501456,1
1,1,95,7.5,0.0076,3.136,4.217020519829677,1
1,1,9,7.5,0.0526,2.818,15.378301965982287,1
1,1,9,10,0.0526,2.818,34.592802244895125,1
1,1,9,12.5,0.0526,2.818,64.87511800358931,1
1,1,9,2.5,0.0526,2.818,0.6956338206749887,1
1,1,9,5,0.0526,2.818,4.905499280753257,1
1,1,9,7.5,0.0526,2.818,15.378301965982287,1
1,1,9,10,0.0526,2.818,34.592802244895125,1
1,1,9,10,0.0526,2.818,34.592802244895125,1
1,1,9,12.5,0.0526,2.818,64.87511800358931,1
1,1,9,10,0.0526,2.818,34.592802244895125,1
1,1,9,15,0.0526,2.818,108.44534436254568,1
1,1,9,5,0.0526,2.818,4.905499280753257,1
1,1,9,5,0.0526,2.818,4.905499280753257,1
1,1,9,7.5,0.0526,2.818,15.378301965982287,1
1,1,9,5,0.0526,2.818,4.905499280753257,1
1,1,9,7.5,0.0526,2.818,15.378301965982287,1
1,1,9,5,0.0526,2.818,4.905499280753257,1
1,1,9,10,0.0526,2.818,34.592802244895125,1
1,1,9,12.5,0.0526,2.818,64.87511800358931,1
1,1,9,10,0.0526,2.818,34.592802244895125,1
1,1,9,7.5,0.0526,2.818,15.378301965982287,1
1,1,9,10,0.0526,2.818,34.592802244895125,1
1,1,9,12.5,0.0526,2.818,64.87511800358931,1
1,1,9,7.5,0.0526,2.818,15.378301965982287,1
1,1,9,10,0.0526,2.818,34.592802244895125,1
1,1,9,12.5,0.0526,2.818,64.87511800358931,1
1,1,9,15,0.0526,2.818,108.44534436254568,1
1,1,9,10,0.0526,2.818,34.592802244895125,1
1,1,9,12.5,0.0526,2.818,64.87511800358931,1
1,1,9,5,0.0526,2.818,4.905499280753257,1
1,1,9,7.5,0.0526,2.818,15.378301965982287,1
1,1,9,10,0.0526,2.818,34.592802244895125,1
1,1,9,12.5,0.0526,2.818,64.87511800358931,1
1,1,9,12.5,0.0526,2.818,64.87511800358931,1
1,1,9,15,0.0526,2.818,108.44534436254568,1
1,1,9,20,0.0526,2.818,243.9429502822533,1
1,1,9,5,0.0526,2.818,4.905499280753257,1
1,1,9,7.5,0.0526,2.818,15.378301965982287,1
1,1,9,5,0.0526,2.818,4.905499280753257,1
1,1,9,7.5,0.0526,2.818,15.378301965982287,1
1,1,9,10,0.0526,2.818,34.592802244895125,1
1,1,9,12.5,0.0526,2.818,64.87511800358931,1
1,1,9,15,0.0526,2.818,108.44534436254568,1
1,1,9,5,0.0526,2.818,4.905499280753257,1
1,1,9,7.5,0.0526,2.818,15.378301965982287,1
1,1,9,10,0.0526,2.818,34.592802244895125,1
1,1,9,12.5,0.0526,2.818,64.87511800358931,1
1,1,9,7.5,0.0526,2.818,15.378301965982287,1
1,1,9,10,0.0526,2.818,34.592802244895125,1
1,1,9,12.5,0.0526,2.818,64.87511800358931,1
1,1,9,2.5,0.0526,2.818,0.6956338206749887,1
1,1,9,5,0.0526,2.818,4.905499280753257,1
1,1,9,7.5,0.0526,2.818,15.378301965982287,1
1,1,9,10,0.0526,2.818,34.592802244895125,1
1,1,9,12.5,0.0526,2.818,64.87511800358931,1
1,1,9,10,0.0526,2.818,34.592802244895125,1
1,1,9,10,0.0526,2.818,34.592802244895125,1
1,1,9,12.5,0.0526,2.818,64.87511800358931,1
1,1,9,15,0.0526,2.818,108.44534436254568,1
1,1,9,12.5,0.0526,2.818,64.87511800358931,1
1,1,9,10,0.0526,2.818,34.592802244895125,1
1,1,9,12.5,0.0526,2.818,64.87511800358931,1
1,1,9,7.5,0.0526,2.818,15.378301965982287,1
1,1,9,10,0.0526,2.818,34.592802244895125,1
1,1,9,2.5,0.0526,2.818,0.6956338206749887,1
1,1,9,5,0.0526,2.818,4.905499280753257,1
1,1,9,7.5,0.0526,2.818,15.378301965982287,1
1,1,9,10,0.0526,2.818,34.592802244895125,1
1,1,9,12.5,0.0526,2.818,64.87511800358931,1
1,1,9,15,0.0526,2.818,108.44534436254568,1
1,1,9,2.5,0.0526,2.818,0.6956338206749887,1
1,1,9,5,0.0526,2.818,4.905499280753257,1
1,1,9,7.5,0.0526,2.818,15.378301965982287,1
1,1,9,5,0.0526,2.818,4.905499280753257,1
1,1,9,7.5,0.0526,2.818,15.378301965982287,1
1,1,9,10,0.0526,2.818,34.592802244895125,1
1,1,9,5,0.0526,2.818,4.905499280753257,1
1,1,9,7.5,0.0526,2.818,15.378301965982287,1
1,1,9,10,0.0526,2.818,34.592802244895125,1
1,1,9,15,0.0526,2.818,108.44534436254568,1
1,1,29,15,0.01355,2.993,44.872517289033304,1
1,1,29,20,0.01355,2.993,106.15050686123998,1
1,1,29,12.5,0.01355,2.993,26.001054652543825,1
1,1,29,15,0.01355,2.993,44.872517289033304,1
1,1,29,20,0.01355,2.993,106.15050686123998,1
1,1,29,15,0.01355,2.993,44.872517289033304,1
1,1,29,20,0.01355,2.993,106.15050686123998,1
1,1,29,12.5,0.01355,2.993,26.001054652543825,1
1,1,29,15,0.01355,2.993,44.872517289033304,1
1,1,29,7.5,0.01355,2.993,5.636346144386297,1
1,1,29,10,0.01355,2.993,13.33335048306336,1
1,1,29,12.5,0.01355,2.993,26.001054652543825,1
1,1,29,15,0.01355,2.993,44.872517289033304,1
1,1,29,20,0.01355,2.993,106.15050686123998,1
1,1,29,12.5,0.01355,2.993,26.001054652543825,1
1,1,29,15,0.01355,2.993,44.872517289033304,1
1,1,29,15,0.01355,2.993,44.872517289033304,1
1,1,29,20,0.01355,2.993,106.15050686123998,1
1,1,29,12.5,0.01355,2.993,26.001054652543825,1
1,1,29,15,0.01355,2.993,44.872517289033304,1
1,1,29,20,0.01355,2.993,106.15050686123998,1
1,1,29,20,0.01355,2.993,106.15050686123998,1
1,1,29,25,0.01355,2.993,207.00161852043425,1
1,1,29,15,0.01355,2.993,44.872517289033304,1
1,1,29,20,0.01355,2.993,106.15050686123998,1
1,1,29,12.5,0.01355,2.993,26.001054652543825,1
1,1,29,12.5,0.01355,2.993,26.001054652543825,1
1,1,29,15,0.01355,2.993,44.872517289033304,1
1,1,29,20,0.01355,2.993,106.15050686123998,1
1,1,29,20,0.01355,2.993,106.15050686123998,1
1,1,29,10,0.01355,2.993,13.33335048306336,1
1,1,29,15,0.01355,2.993,44.872517289033304,1
1,1,29,5,0.01355,2.993,1.6747751881825466,1
1,1,29,7.5,0.01355,2.993,5.636346144386297,1
1,1,29,10,0.01355,2.993,13.33335048306336,1
1,1,29,12.5,0.01355,2.993,26.001054652543825,1
1,1,29,20,0.01355,2.993,106.15050686123998,1
1,1,29,20,0.01355,2.993,106.15050686123998,1
1,1,29,15,0.01355,2.993,44.872517289033304,1
1,1,29,25,0.01355,2.993,207.00161852043425,1
1,1,19,5,0.0144,3.351,3.166729564346967,1
1,1,19,7.5,0.0144,3.351,12.322328593240021,1
1,1,19,10,0.0144,3.351,32.311899702471834,1
1,1,19,12.5,0.0144,3.351,68.25083133181245,1
1,1,19,15,0.0144,3.351,125.7315591733452,1
1,1,19,10,0.0144,3.351,32.311899702471834,1
1,1,19,12.5,0.0144,3.351,68.25083133181245,1
1,1,19,12.5,0.0144,3.351,68.25083133181245,1
1,1,19,15,0.0144,3.351,125.7315591733452,1
1,1,19,2.5,0.0144,3.351,0.31035551069570777,1
1,1,19,2.5,0.0144,3.351,0.31035551069570777,1
1,1,19,5,0.0144,3.351,3.166729564346967,1
1,1,19,5,0.0144,3.351,3.166729564346967,1
1,1,19,7.5,0.0144,3.351,12.322328593240021,1
1,1,19,7.5,0.0144,3.351,12.322328593240021,1
1,1,19,5,0.0144,3.351,3.166729564346967,1
1,1,19,12.5,0.0144,3.351,68.25083133181245,1
1,1,19,10,0.0144,3.351,32.311899702471834,1
1,1,19,15,0.0144,3.351,125.7315591733452,1
1,1,19,10,0.0144,3.351,32.311899702471834,1
1,1,19,12.5,0.0144,3.351,68.25083133181245,1
1,1,19,5,0.0144,3.351,3.166729564346967,1
1,1,19,7.5,0.0144,3.351,12.322328593240021,1
1,1,19,10,0.0144,3.351,32.311899702471834,1
1,1,19,12.5,0.0144,3.351,68.25083133181245,1
1,1,19,15,0.0144,3.351,125.7315591733452,1
1,1,19,5,0.0144,3.351,3.166729564346967,1
1,1,19,7.5,0.0144,3.351,12.322328593240021,1
1,1,19,10,0.0144,3.351,32.311899702471834,1
1,1,19,15,0.0144,3.351,125.7315591733452,1
1,1,19,10,0.0144,3.351,32.311899702471834,1
1,1,19,10,0.0144,3.351,32.311899702471834,1
1,1,19,12.5,0.0144,3.351,68.25083133181245,1
1,1,19,5,0.0144,3.351,3.166729564346967,1
1,1,19,12.5,0.0144,3.351,68.25083133181245,1
1,1,19,15,0.0144,3.351,125.7315591733452,1
1,1,19,20,0.0144,3.351,329.69625007997854,1
1,1,19,5,0.0144,3.351,3.166729564346967,1
1,1,19,10,0.0144,3.351,32.311899702471834,1
1,1,19,7.5,0.0144,3.351,12.322328593240021,1
1,1,19,7.5,0.0144,3.351,12.322328593240021,1
1,1,19,2.5,0.0144,3.351,0.31035551069570777,1
1,1,19,10,0.0144,3.351,32.311899702471834,1
1,1,19,12.5,0.0144,3.351,68.25083133181245,1
1,1,19,10,0.0144,3.351,32.311899702471834,1
1,1,19,12.5,0.0144,3.351,68.25083133181245,1
1,1,19,15,0.0144,3.351,125.7315591733452,1
1,1,19,5,0.0144,3.351,3.166729564346967,1
1,1,19,10,0.0144,3.351,32.311899702471834,1
1,1,19,12.5,0.0144,3.351,68.25083133181245,1
1,1,19,15,0.0144,3.351,125.7315591733452,1
1,1,19,7.5,0.0144,3.351,12.322328593240021,1
1,1,19,5,0.0144,3.351,3.166729564346967,1
1,1,19,7.5,0.0144,3.351,12.322328593240021,1
1,1,19,12.5,0.0144,3.351,68.25083133181245,1
1,1,19,5,0.0144,3.351,3.166729564346967,1
1,1,19,2.5,0.0144,3.351,0.31035551069570777,1
1,1,19,5,0.0144,3.351,3.166729564346967,1
1,1,19,2.5,0.0144,3.351,0.31035551069570777,1
1,1,19,5,0.0144,3.351,3.166729564346967,1
1,1,19,7.5,0.0144,3.351,12.322328593240021,1
1,1,19,10,0.0144,3.351,32.311899702471834,1
1,1,19,5,0.0144,3.351,3.166729564346967,1
1,1,19,7.5,0.0144,3.351,12.322328593240021,1
1,1,19,10,0.0144,3.351,32.311899702471834,1
1,1,19,5,0.0144,3.351,3.166729564346967,1
1,1,19,10,0.0144,3.351,32.311899702471834,1
1,1,69,5,0.0179,3.126,2.7405218216731217,1
1,1,69,7.5,0.0179,3.126,9.734071687946466,1
1,1,69,10,0.0179,3.126,23.925059746181308,1
1,1,69,12.5,0.0179,3.126,48.06110278125687,1
1,1,69,15,0.0179,3.126,84.97952647775308,1
1,1,69,20,0.0179,3.126,208.86842765911018,1
1,1,69,25,0.0179,3.126,419.57876285288074,1
1,1,69,2.5,0.0179,3.126,0.3139160334287279,1
1,1,69,5,0.0179,3.126,2.7405218216731217,1
1,1,69,7.5,0.0179,3.126,9.734071687946466,1
1,1,69,10,0.0179,3.126,23.925059746181308,1
1,1,69,12.5,0.0179,3.126,48.06110278125687,1
1,1,69,15,0.0179,3.126,84.97952647775308,1
1,1,69,12.5,0.0179,3.126,48.06110278125687,1
1,1,69,15,0.0179,3.126,84.97952647775308,1
1,1,69,12.5,0.0179,3.126,48.06110278125687,1
1,1,69,15,0.0179,3.126,84.97952647775308,1
1,1,69,5,0.0179,3.126,2.7405218216731217,1
1,1,69,7.5,0.0179,3.126,9.734071687946466,1
1,1,69,10,0.0179,3.126,23.925059746181308,1
1,1,69,12.5,0.0179,3.126,48.06110278125687,1
1,1,69,5,0.0179,3.126,2.7405218216731217,1
1,1,69,7.5,0.0179,3.126,9.734071687946466,1
1,1,69,10,0.0179,3.126,23.925059746181308,1
1,1,69,12.5,0.0179,3.126,48.06110278125687,1
1,1,69,5,0.0179,3.126,2.7405218216731217,1
1,1,69,7.5,0.0179,3.126,9.734071687946466,1
1,1,69,7.5,0.0179,3.126,9.734071687946466,1
1,1,69,10,0.0179,3.126,23.925059746181308,1
1,1,69,12.5,0.0179,3.126,48.06110278125687,1
1,1,69,15,0.0179,3.126,84.97952647775308,1
1,1,69,5,0.0179,3.126,2.7405218216731217,1
1,1,69,7.5,0.0179,3.126,9.734071687946466,1
1,1,69,10,0.0179,3.126,23.925059746181308,1
1,1,69,12.5,0.0179,3.126,48.06110278125687,1
1,1,69,15,0.0179,3.126,84.97952647775308,1
1,1,69,10,0.0179,3.126,23.925059746181308,1
1,1,69,12.5,0.0179,3.126,48.06110278125687,1
1,1,69,15,0.0179,3.126,84.97952647775308,1
1,1,69,10,0.0179,3.126,23.925059746181308,1
1,1,69,12.5,0.0179,3.126,48.06110278125687,1
1,1,69,15,0.0179,3.126,84.97952647775308,1
1,1,69,10,0.0179,3.126,23.925059746181308,1
1,1,69,12.5,0.0179,3.126,48.06110278125687,1
1,1,69,15,0.0179,3.126,84.97952647775308,1
1,1,69,20,0.0179,3.126,208.86842765911018,1
1,1,69,7.5,0.0179,3.126,9.734071687946466,1
1,1,69,10,0.0179,3.126,23.925059746181308,1
1,1,69,12.5,0.0179,3.126,48.06110278125687,1
1,1,69,15,0.0179,3.126,84.97952647775308,1
1,1,69,12.5,0.0179,3.126,48.06110278125687,1
1,1,69,15,0.0179,3.126,84.97952647775308,1
1,1,69,15,0.0179,3.126,84.97952647775308,1
1,1,69,12.5,0.0179,3.126,48.06110278125687,1
1,1,69,7.5,0.0179,3.126,9.734071687946466,1
1,1,69,10,0.0179,3.126,23.925059746181308,1
1,1,69,12.5,0.0179,3.126,48.06110278125687,1
1,1,69,15,0.0179,3.126,84.97952647775308,1
1,1,69,20,0.0179,3.126,208.86842765911018,1
1,1,69,7.5,0.0179,3.126,9.734071687946466,1
1,1,69,10,0.0179,3.126,23.925059746181308,1
1,1,69,12.5,0.0179,3.126,48.06110278125687,1
1,1,69,15,0.0179,3.126,84.97952647775308,1
1,1,69,20,0.0179,3.126,208.86842765911018,1
1,1,69,5,0.0179,3.126,2.7405218216731217,1
1,1,69,10,0.0179,3.126,23.925059746181308,1
1,1,69,5,0.0179,3.126,2.7405218216731217,1
1,1,69,7.5,0.0179,3.126,9.734071687946466,1
1,1,69,10,0.0179,3.126,23.925059746181308,1
1,1,69,12.5,0.0179,3.126,48.06110278125687,1
1,1,69,5,0.0179,3.126,2.7405218216731217,1
1,1,69,10,0.0179,3.126,23.925059746181308,1
1,1,69,12.5,0.0179,3.126,48.06110278125687,1
1,1,69,15,0.0179,3.126,84.97952647775308,1
1,1,69,7.5,0.0179,3.126,9.734071687946466,1
1,1,69,10,0.0179,3.126,23.925059746181308,1
1,1,69,12.5,0.0179,3.126,48.06110278125687,1
1,1,69,15,0.0179,3.126,84.97952647775308,1
1,1,69,7.5,0.0179,3.126,9.734071687946466,1
1,1,69,10,0.0179,3.126,23.925059746181308,1
1,1,69,12.5,0.0179,3.126,48.06110278125687,1
1,1,69,15,0.0179,3.126,84.97952647775308,1
1,1,69,2.5,0.0179,3.126,0.3139160334287279,1
1,1,69,5,0.0179,3.126,2.7405218216731217,1
1,1,69,7.5,0.0179,3.126,9.734071687946466,1
1,1,69,10,0.0179,3.126,23.925059746181308,1
1,1,69,12.5,0.0179,3.126,48.06110278125687,1
1,1,69,15,0.0179,3.126,84.97952647775308,1
1,1,69,5,0.0179,3.126,2.7405218216731217,1
1,1,69,10,0.0179,3.126,23.925059746181308,1
1,1,69,12.5,0.0179,3.126,48.06110278125687,1
1,1,69,12.5,0.0179,3.126,48.06110278125687,1
1,1,69,15,0.0179,3.126,84.97952647775308,1
1,1,69,7.5,0.0179,3.126,9.734071687946466,1
1,1,69,10,0.0179,3.126,23.925059746181308,1
1,1,69,12.5,0.0179,3.126,48.06110278125687,1
1,1,69,15,0.0179,3.126,84.97952647775308,1
1,1,69,12.5,0.0179,3.126,48.06110278125687,1
1,1,69,15,0.0179,3.126,84.97952647775308,1
1,1,69,7.5,0.0179,3.126,9.734071687946466,1
1,1,69,12.5,0.0179,3.126,48.06110278125687,1
1,1,69,15,0.0179,3.126,84.97952647775308,1
1,1,69,7.5,0.0179,3.126,9.734071687946466,1
1,1,69,10,0.0179,3.126,23.925059746181308,1
1,1,69,12.5,0.0179,3.126,48.06110278125687,1
1,1,69,15,0.0179,3.126,84.97952647775308,1
1,1,69,2.5,0.0179,3.126,0.3139160334287279,1
1,1,69,5,0.0179,3.126,2.7405218216731217,1
1,1,69,7.5,0.0179,3.126,9.734071687946466,1
1,1,69,10,0.0179,3.126,23.925059746181308,1
1,1,69,12.5,0.0179,3.126,48.06110278125687,1
1,1,69,15,0.0179,3.126,84.97952647775308,1
1,1,69,7.5,0.0179,3.126,9.734071687946466,1
1,1,69,10,0.0179,3.126,23.925059746181308,1
1,1,69,12.5,0.0179,3.126,48.06110278125687,1
1,1,69,15,0.0179,3.126,84.97952647775308,1
1,1,69,20,0.0179,3.126,208.86842765911018,1
1,1,69,5,0.0179,3.126,2.7405218216731217,1
1,1,69,7.5,0.0179,3.126,9.734071687946466,1
1,1,69,10,0.0179,3.126,23.925059746181308,1
1,1,69,12.5,0.0179,3.126,48.06110278125687,1
1,1,69,15,0.0179,3.126,84.97952647775308,1
1,1,77,7.5,0.0134,2.939,4.999307512530041,1
1,1,77,10,0.0134,2.939,11.644069752436447,1
1,1,77,12.5,0.0134,2.939,22.43485808042467,1
1,1,77,7.5,0.0134,2.939,4.999307512530041,1
1,1,41,15,0.0168,2.775,30.82921919659476,1
1,1,41,10,0.0168,2.775,10.007124011287374,1
1,1,30,5,0.014,2.709,1.0955640616339457,1
1,1,11,5,0.0256,2.7,1.9745083607040315,1
1,1,54,30,0.0556,2.877,987.9902105182287,1
1,1,54,40,0.0556,2.877,2260.483735818729,1
1,1,54,15,0.0556,2.877,134.48979880445535,1
1,1,54,20,0.0556,2.877,307.707505190301,1
1,1,54,30,0.0556,2.877,987.9902105182287,1
1,1,54,35,0.0556,2.877,1539.4250709945125,1
1,1,54,20,0.0556,2.877,307.707505190301,1
1,1,54,25,0.0556,2.877,584.7203334355502,1
1,1,54,20,0.0556,2.877,307.707505190301,1
1,1,54,25,0.0556,2.877,584.7203334355502,1
1,1,54,30,0.0556,2.877,987.9902105182287,1
1,1,54,20,0.0556,2.877,307.707505190301,1
1,1,54,25,0.0556,2.877,584.7203334355502,1
1,1,54,15,0.0556,2.877,134.48979880445535,1
1,1,54,20,0.0556,2.877,307.707505190301,1
1,1,54,20,0.0556,2.877,307.707505190301,1
1,1,54,25,0.0556,2.877,584.7203334355502,1
1,1,54,35,0.0556,2.877,1539.4250709945125,1
1,1,54,20,0.0556,2.877,307.707505190301,1
1,1,54,25,0.0556,2.877,584.7203334355502,1
1,1,54,35,0.0556,2.877,1539.4250709945125,1
1,1,54,25,0.0556,2.877,584.7203334355502,1
1,1,54,20,0.0556,2.877,307.707505190301,1
1,1,54,25,0.0556,2.877,584.7203334355502,1
1,1,54,30,0.0556,2.877,987.9902105182287,1
1,1,54,10,0.0556,2.877,41.88656934359466,1
1,1,54,30,0.0556,2.877,987.9902105182287,1
1,1,54,20,0.0556,2.877,307.707505190301,1
1,1,54,30,0.0556,2.877,987.9902105182287,1
1,1,54,25,0.0556,2.877,584.7203334355502,1
1,1,54,20,0.0556,2.877,307.707505190301,1
1,1,54,25,0.0556,2.877,584.7203334355502,1
1,1,54,35,0.0556,2.877,1539.4250709945125,1
1,1,54,15,0.0556,2.877,134.48979880445535,1
1,1,54,25,0.0556,2.877,584.7203334355502,1
1,1,55,62.5,0.0556,2.877,8162.4700635757445,1
1,1,55,15,0.0556,2.877,134.48979880445535,1
1,1,55,20,0.0556,2.877,307.707505190301,1
1,1,55,25,0.0556,2.877,584.7203334355502,1
1,1,55,30,0.0556,2.877,987.9902105182287,1
1,1,55,30,0.0556,2.877,987.9902105182287,1
1,1,55,30,0.0556,2.877,987.9902105182287,1
1,1,55,15,0.0556,2.877,134.48979880445535,1
1,1,55,20,0.0556,2.877,307.707505190301,1
1,1,55,20,0.0556,2.877,307.707505190301,1
1,1,55,35,0.0556,2.877,1539.4250709945125,1
1,1,55,25,0.0556,2.877,584.7203334355502,1
1,1,55,30,0.0556,2.877,987.9902105182287,1
1,1,55,40,0.0556,2.877,2260.483735818729,1
1,1,55,30,0.0556,2.877,987.9902105182287,1
1,1,55,25,0.0556,2.877,584.7203334355502,1
1,1,55,25,0.0556,2.877,584.7203334355502,1
1,1,1,30,0.0556,2.877,987.9902105182287,1
1,1,1,35,0.0556,2.877,1539.4250709945125,1
1,1,45,15,0.0152,3.0063,52.18272327925838,1
1,1,45,15,0.0152,3.0063,52.18272327925838,1
1,1,38,62.5,4e-4,3.254,279.1602430464001,1
1,1,38,62.5,4e-4,3.254,279.1602430464001,1
1,1,38,35,4e-4,3.254,42.311401182243394,1
1,1,38,40,4e-4,3.254,65.33760380774164,1
1,1,38,40,4e-4,3.254,65.33760380774164,1
1,1,38,100,4e-4,3.254,1288.427516513374,1
1,1,38,62.5,4e-4,3.254,279.1602430464001,1
1,1,91,15,0.0556,2.877,134.48979880445535,1
1,1,91,30,0.0556,2.877,987.9902105182287,1
1,6,104,62.5,0.0031,3,756.8359375,1
1,1,92,5,0.0155,3.298,3.1299310643829577,1
1,1,92,20,0.0155,3.298,302.78100339653497,1
1,1,92,35,0.0155,3.298,1917.2030377093217,1
1,1,92,15,0.0155,3.298,117.24131219675273,1
1,1,92,30,0.0155,3.298,1153.1282085009307,1
1,1,92,25,0.0155,3.298,632.0302237283505,1
1,1,92,40,0.0155,3.298,2978.0058707363305,1
1,1,92,35,0.0155,3.298,1917.2030377093217,1
1,1,92,30,0.0155,3.298,1153.1282085009307,1
1,1,92,7.5,0.0155,3.298,11.920205562819119,1
1,1,92,25,0.0155,3.298,632.0302237283505,1
1,1,92,30,0.0155,3.298,1153.1282085009307,1
1,1,92,35,0.0155,3.298,1917.2030377093217,1
1,1,92,25,0.0155,3.298,632.0302237283505,1
1,1,92,30,0.0155,3.298,1153.1282085009307,1
1,1,92,30,0.0155,3.298,1153.1282085009307,1
1,1,92,20,0.0155,3.298,302.78100339653497,1
1,1,92,15,0.0155,3.298,117.24131219675273,1
1,1,92,25,0.0155,3.298,632.0302237283505,1
1,1,92,25,0.0155,3.298,632.0302237283505,1
1,1,92,30,0.0155,3.298,1153.1282085009307,1
1,1,92,25,0.0155,3.298,632.0302237283505,1
1,1,92,40,0.0155,3.298,2978.0058707363305,1
1,1,92,40,0.0155,3.298,2978.0058707363305,1
1,1,92,15,0.0155,3.298,117.24131219675273,1
1,1,92,25,0.0155,3.298,632.0302237283505,1
1,1,92,35,0.0155,3.298,1917.2030377093217,1
1,1,101,2.5,0.0097,2.964,0.1466445475606352,1
1,1,101,5,0.0097,2.964,1.1442444829321246,1
1,1,101,7.5,0.0097,2.964,3.8058644728102395,1
1,1,101,10,0.0097,2.964,8.928360846005761,1
1,1,101,2.5,0.0097,2.964,0.1466445475606352,1
1,1,101,5,0.0097,2.964,1.1442444829321246,1
1,1,101,7.5,0.0097,2.964,3.8058644728102395,1
1,1,101,5,0.0097,2.964,1.1442444829321246,1
1,1,101,7.5,0.0097,2.964,3.8058644728102395,1
1,1,101,10,0.0097,2.964,8.928360846005761,1
1,1,101,5,0.0097,2.964,1.1442444829321246,1
1,1,101,7.5,0.0097,2.964,3.8058644728102395,1
1,1,101,2.5,0.0097,2.964,0.1466445475606352,1
1,1,101,5,0.0097,2.964,1.1442444829321246,1
1,1,101,7.5,0.0097,2.964,3.8058644728102395,1
1,1,101,2.5,0.0097,2.964,0.1466445475606352,1
1,1,101,5,0.0097,2.964,1.1442444829321246,1
1,1,101,7.5,0.0097,2.964,3.8058644728102395,1
1,1,101,5,0.0097,2.964,1.1442444829321246,1
1,1,101,7.5,0.0097,2.964,3.8058644728102395,1
1,1,101,5,0.0097,2.964,1.1442444829321246,1
1,1,101,7.5,0.0097,2.964,3.8058644728102395,1
1,1,101,10,0.0097,2.964,8.928360846005761,1
1,1,101,2.5,0.0097,2.964,0.1466445475606352,1
1,1,101,5,0.0097,2.964,1.1442444829321246,1
1,1,101,7.5,0.0097,2.964,3.8058644728102395,1
1,1,101,10,0.0097,2.964,8.928360846005761,1
1,1,101,5,0.0097,2.964,1.1442444829321246,1
1,1,101,7.5,0.0097,2.964,3.8058644728102395,1
1,1,101,10,0.0097,2.964,8.928360846005761,1
1,1,101,12.5,0.0097,2.964,17.29868190704478,1
1,1,101,5,0.0097,2.964,1.1442444829321246,1
1,1,101,7.5,0.0097,2.964,3.8058644728102395,1
1,1,101,10,0.0097,2.964,8.928360846005761,1
1,1,101,5,0.0097,2.964,1.1442444829321246,1
1,1,101,7.5,0.0097,2.964,3.8058644728102395,1
1,1,101,10,0.0097,2.964,8.928360846005761,1
1,1,101,2.5,0.0097,2.964,0.1466445475606352,1
1,1,101,5,0.0097,2.964,1.1442444829321246,1
1,1,101,7.5,0.0097,2.964,3.8058644728102395,1
1,1,101,10,0.0097,2.964,8.928360846005761,1
1,1,101,5,0.0097,2.964,1.1442444829321246,1
1,1,101,7.5,0.0097,2.964,3.8058644728102395,1
1,1,101,10,0.0097,2.964,8.928360846005761,1
1,1,101,7.5,0.0097,2.964,3.8058644728102395,1
1,1,101,10,0.0097,2.964,8.928360846005761,1
1,1,101,2.5,0.0097,2.964,0.1466445475606352,1
1,1,101,5,0.0097,2.964,1.1442444829321246,1
1,1,101,7.5,0.0097,2.964,3.8058644728102395,1
1,1,101,10,0.0097,2.964,8.928360846005761,1
1,1,101,12.5,0.0097,2.964,17.29868190704478,1
1,1,101,5,0.0097,2.964,1.1442444829321246,1
1,1,101,7.5,0.0097,2.964,3.8058644728102395,1
1,1,101,10,0.0097,2.964,8.928360846005761,1
1,1,101,2.5,0.0097,2.964,0.1466445475606352,1
1,1,101,5,0.0097,2.964,1.1442444829321246,1
1,1,101,2.5,0.0097,2.964,0.1466445475606352,1
1,1,101,5,0.0097,2.964,1.1442444829321246,1
1,1,101,2.5,0.0097,2.964,0.1466445475606352,1
1,1,101,5,0.0097,2.964,1.1442444829321246,1
1,1,101,7.5,0.0097,2.964,3.8058644728102395,1
1,1,101,2.5,0.0097,2.964,0.1466445475606352,1
1,1,101,5,0.0097,2.964,1.1442444829321246,1
1,1,101,7.5,0.0097,2.964,3.8058644728102395,1
1,1,101,2.5,0.0097,2.964,0.1466445475606352,1
1,1,101,5,0.0097,2.964,1.1442444829321246,1
1,1,101,7.5,0.0097,2.964,3.8058644728102395,1
1,1,101,2.5,0.0097,2.964,0.1466445475606352,1
1,1,101,5,0.0097,2.964,1.1442444829321246,1
1,1,101,7.5,0.0097,2.964,3.8058644728102395,1
1,1,101,2.5,0.0097,2.964,0.1466445475606352,1
1,1,101,5,0.0097,2.964,1.1442444829321246,1
1,1,101,7.5,0.0097,2.964,3.8058644728102395,1
1,1,101,10,0.0097,2.964,8.928360846005761,1
1,1,101,10,0.0097,2.964,8.928360846005761,1
1,1,101,12.5,0.0097,2.964,17.29868190704478,1
1,1,101,7.5,0.0097,2.964,3.8058644728102395,1
1,1,101,10,0.0097,2.964,8.928360846005761,1
1,1,101,12.5,0.0097,2.964,17.29868190704478,1
1,1,101,7.5,0.0097,2.964,3.8058644728102395,1
1,1,101,10,0.0097,2.964,8.928360846005761,1
1,1,101,12.5,0.0097,2.964,17.29868190704478,1
1,1,101,7.5,0.0097,2.964,3.8058644728102395,1
1,1,101,10,0.0097,2.964,8.928360846005761,1
1,1,101,12.5,0.0097,2.964,17.29868190704478,1
1,1,101,2.5,0.0097,2.964,0.1466445475606352,1
1,1,101,5,0.0097,2.964,1.1442444829321246,1
1,1,101,7.5,0.0097,2.964,3.8058644728102395,1
1,1,101,2.5,0.0097,2.964,0.1466445475606352,1
1,1,101,5,0.0097,2.964,1.1442444829321246,1
1,1,101,7.5,0.0097,2.964,3.8058644728102395,1
1,1,101,10,0.0097,2.964,8.928360846005761,1
1,1,101,2.5,0.0097,2.964,0.1466445475606352,1
1,1,101,5,0.0097,2.964,1.1442444829321246,1
1,1,101,7.5,0.0097,2.964,3.8058644728102395,1
1,1,101,10,0.0097,2.964,8.928360846005761,1
1,1,101,2.5,0.0097,2.964,0.1466445475606352,1
1,1,101,5,0.0097,2.964,1.1442444829321246,1
1,1,101,7.5,0.0097,2.964,3.8058644728102395,1
1,1,101,10,0.0097,2.964,8.928360846005761,1
1,1,106,25,0.0097,3.144,240.9323527036207,1
1,1,106,7.5,0.0097,3.144,5.4697105717870755,1
1,1,106,15,0.0097,3.144,48.350687391674704,1
1,1,106,20,0.0097,3.144,119.45657002732729,1
1,1,106,10,0.0097,3.144,13.513620988569444,1
1,1,106,12.5,0.0097,3.144,27.255667039295044,1
1,1,106,15,0.0097,3.144,48.350687391674704,1
1,1,106,12.5,0.0097,3.144,27.255667039295044,1
1,1,90,12.5,0.0367,2.8947,54.94035722600609,1
1,1,90,15,0.0367,2.8947,93.1316788394108,1
1,1,90,10,0.0367,2.8947,28.798247792943666,1
1,1,90,12.5,0.0367,2.8947,54.94035722600609,1
1,1,90,15,0.0367,2.8947,93.1316788394108,1
1,1,90,20,0.0367,2.8947,214.16948516863098,1
1,1,90,20,0.0367,2.8947,214.16948516863098,1
1,1,90,10,0.0367,2.8947,28.798247792943666,1
1,1,90,5,0.0367,2.8947,3.8723493932423976,1
1,1,90,7.5,0.0367,2.8947,12.522928569765421,1
1,1,73,10,0.0119,3.026,12.634177130664819,1
1,1,73,12.5,0.0119,3.026,24.819707598187623,1
1,1,73,15,0.0119,3.026,43.09224410130171,1
1,1,73,7.5,0.0119,3.026,5.290324897580466,1
1,1,73,10,0.0119,3.026,12.634177130664819,1
1,1,73,15,0.0119,3.026,43.09224410130171,1
1,1,73,25,0.0119,3.026,202.16847151168108,1
1,1,73,7.5,0.0119,3.026,5.290324897580466,1
1,1,73,10,0.0119,3.026,12.634177130664819,1
1,1,73,2.5,0.0119,3.026,0.19042038006177694,1
1,1,73,12.5,0.0119,3.026,24.819707598187623,1
1,1,73,15,0.0119,3.026,43.09224410130171,1
1,1,73,12.5,0.0119,3.026,24.819707598187623,1
1,1,73,15,0.0119,3.026,43.09224410130171,1
1,1,73,7.5,0.0119,3.026,5.290324897580466,1
1,1,73,15,0.0119,3.026,43.09224410130171,1
1,1,73,2.5,0.0119,3.026,0.19042038006177694,1
1,1,73,5,0.0119,3.026,1.5510657016996428,1
1,1,73,7.5,0.0119,3.026,5.290324897580466,1
1,1,73,10,0.0119,3.026,12.634177130664819,1
1,1,73,12.5,0.0119,3.026,24.819707598187623,1
1,1,73,15,0.0119,3.026,43.09224410130171,1
1,1,73,15,0.0119,3.026,43.09224410130171,1
1,1,73,12.5,0.0119,3.026,24.819707598187623,1
1,1,73,15,0.0119,3.026,43.09224410130171,1
1,1,73,12.5,0.0119,3.026,24.819707598187623,1
1,1,73,15,0.0119,3.026,43.09224410130171,1
1,1,73,20,0.0119,3.026,102.91145732518048,1
1,1,73,5,0.0119,3.026,1.5510657016996428,1
1,1,73,7.5,0.0119,3.026,5.290324897580466,1
1,1,73,5,0.0119,3.026,1.5510657016996428,1
1,1,73,12.5,0.0119,3.026,24.819707598187623,1
1,1,73,5,0.0119,3.026,1.5510657016996428,1
1,1,73,7.5,0.0119,3.026,5.290324897580466,1
1,1,73,10,0.0119,3.026,12.634177130664819,1
1,1,73,12.5,0.0119,3.026,24.819707598187623,1
1,1,73,15,0.0119,3.026,43.09224410130171,1
1,1,73,20,0.0119,3.026,102.91145732518048,1
1,1,73,2.5,0.0119,3.026,0.19042038006177694,1
1,1,73,10,0.0119,3.026,12.634177130664819,1
1,1,73,12.5,0.0119,3.026,24.819707598187623,1
1,1,73,15,0.0119,3.026,43.09224410130171,1
1,1,73,10,0.0119,3.026,12.634177130664819,1
1,1,73,12.5,0.0119,3.026,24.819707598187623,1
1,1,73,5,0.0119,3.026,1.5510657016996428,1
1,1,73,7.5,0.0119,3.026,5.290324897580466,1
1,1,73,12.5,0.0119,3.026,24.819707598187623,1
1,1,73,12.5,0.0119,3.026,24.819707598187623,1
1,1,73,15,0.0119,3.026,43.09224410130171,1
1,1,73,10,0.0119,3.026,12.634177130664819,1
1,1,73,12.5,0.0119,3.026,24.819707598187623,1
1,1,17,15,0.0278,2.973,87.20956276089152,1
1,1,17,25,0.0278,2.973,398.217591836234,1
1,1,17,30,0.0278,2.973,684.7409266110066,1
1,1,17,15,0.0278,2.973,87.20956276089152,1
1,1,70,7.5,0.0179,3.126,9.734071687946466,1
1,1,70,7.5,0.0179,3.126,9.734071687946466,1
1,1,70,10,0.0179,3.126,23.925059746181308,1
1,1,70,7.5,0.0179,3.126,9.734071687946466,1
1,1,70,15,0.0179,3.126,84.97952647775308,1
1,1,70,20,0.0179,3.126,208.86842765911018,1
1,1,70,7.5,0.0179,3.126,9.734071687946466,1
1,1,70,12.5,0.0179,3.126,48.06110278125687,1
1,1,70,15,0.0179,3.126,84.97952647775308,1
1,1,70,15,0.0179,3.126,84.97952647775308,1
1,1,70,12.5,0.0179,3.126,48.06110278125687,1
1,1,70,20,0.0179,3.126,208.86842765911018,1
1,1,70,12.5,0.0179,3.126,48.06110278125687,1
1,1,70,7.5,0.0179,3.126,9.734071687946466,1
1,1,79,2.5,0.037,2.63,0.4118925595184608,1
1,1,53,10,0.0243,2.9586,22.090537015852746,1
1,1,53,15,0.0243,2.9586,73.31449925412524,1
1,1,53,7.5,0.0243,2.9586,9.43110385831786,1
1,1,53,7.5,0.0243,2.9586,9.43110385831786,1
1,1,53,10,0.0243,2.9586,22.090537015852746,1
1,1,53,12.5,0.0243,2.9586,42.74883050561503,1
1,1,53,10,0.0243,2.9586,22.090537015852746,1
1,1,53,10,0.0243,2.9586,22.090537015852746,1
1,1,16,20,0.016,2.989,123.8507496632417,1
1,1,16,40,0.016,2.989,983.2802061913538,1
1,1,16,50,0.016,2.989,1915.7609899840056,1
1,1,16,7.5,0.016,2.989,6.602039204294172,1
1,1,16,15,0.016,2.989,52.41514070551054,1
1,1,16,20,0.016,2.989,123.8507496632417,1
1,1,16,35,0.016,2.989,659.6891894663772,1
1,1,16,40,0.016,2.989,983.2802061913538,1
1,1,16,25,0.016,2.989,241.3029707006417,1
1,1,16,35,0.016,2.989,659.6891894663772,1
1,1,16,25,0.016,2.989,241.3029707006417,1
1,1,16,30,0.016,2.989,416.136119487371,1
1,1,16,35,0.016,2.989,659.6891894663772,1
1,1,16,20,0.016,2.989,123.8507496632417,1
1,1,16,25,0.016,2.989,241.3029707006417,1
1,1,16,30,0.016,2.989,416.136119487371,1
1,1,16,35,0.016,2.989,659.6891894663772,1
1,1,16,10,0.016,2.989,15.599834203478187,1
1,1,16,20,0.016,2.989,123.8507496632417,1
1,1,16,25,0.016,2.989,241.3029707006417,1
1,1,16,30,0.016,2.989,416.136119487371,1
1,1,16,30,0.016,2.989,416.136119487371,1
1,1,16,30,0.016,2.989,416.136119487371,1
1,1,16,20,0.016,2.989,123.8507496632417,1
1,1,16,25,0.016,2.989,241.3029707006417,1
1,1,16,30,0.016,2.989,416.136119487371,1
1,1,16,40,0.016,2.989,983.2802061913538,1
1,1,16,25,0.016,2.989,241.3029707006417,1
1,1,16,30,0.016,2.989,416.136119487371,1
1,1,16,25,0.016,2.989,241.3029707006417,1
1,1,16,35,0.016,2.989,659.6891894663772,1
1,1,16,40,0.016,2.989,983.2802061913538,1
1,1,16,35,0.016,2.989,659.6891894663772,1
1,1,16,12.5,0.016,2.989,30.39373072809092,1
1,1,16,15,0.016,2.989,52.41514070551054,1
1,1,16,20,0.016,2.989,123.8507496632417,1
1,1,16,20,0.016,2.989,123.8507496632417,1
1,1,16,25,0.016,2.989,241.3029707006417,1
1,1,16,30,0.016,2.989,416.136119487371,1
1,1,16,35,0.016,2.989,659.6891894663772,1
1,1,16,10,0.016,2.989,15.599834203478187,1
1,1,16,20,0.016,2.989,123.8507496632417,1
1,1,16,25,0.016,2.989,241.3029707006417,1
1,1,16,30,0.016,2.989,416.136119487371,1
1,1,16,35,0.016,2.989,659.6891894663772,1
1,1,16,40,0.016,2.989,983.2802061913538,1
1,1,16,30,0.016,2.989,416.136119487371,1
1,1,16,35,0.016,2.989,659.6891894663772,1
1,1,16,87.5,0.016,2.989,10204.272627579783,1
1,1,16,100,0.016,2.989,15209.676698500496,1
1,1,16,35,0.016,2.989,659.6891894663772,1
1,1,16,35,0.016,2.989,659.6891894663772,1
1,1,16,40,0.016,2.989,983.2802061913538,1
1,1,16,30,0.016,2.989,416.136119487371,1
1,1,16,35,0.016,2.989,659.6891894663772,1
1,1,16,35,0.016,2.989,659.6891894663772,1
1,1,16,40,0.016,2.989,983.2802061913538,1
1,1,16,40,0.016,2.989,983.2802061913538,1
1,1,16,30,0.016,2.989,416.136119487371,1
1,1,16,35,0.016,2.989,659.6891894663772,1
1,1,16,40,0.016,2.989,983.2802061913538,1
1,1,16,50,0.016,2.989,1915.7609899840056,1
1,1,16,15,0.016,2.989,52.41514070551054,1
1,1,16,20,0.016,2.989,123.8507496632417,1
1,1,16,25,0.016,2.989,241.3029707006417,1
1,1,16,25,0.016,2.989,241.3029707006417,1
1,1,16,30,0.016,2.989,416.136119487371,1
1,1,16,35,0.016,2.989,659.6891894663772,1
1,1,16,20,0.016,2.989,123.8507496632417,1
1,1,4,25,0.0134,2.939,172.04833886851765,1
1,1,4,40,0.0134,2.939,684.7926855451241,1
1,1,4,20,0.0134,2.939,89.29598981166903,1
1,1,4,35,0.0134,2.939,462.50963107985876,1
1,1,4,50,0.0134,2.939,1319.403528264083,1
1,1,4,25,0.0134,2.939,172.04833886851765,1
1,1,4,40,0.0134,2.939,684.7926855451241,1
1,1,4,50,0.0134,2.939,1319.403528264083,1
1,1,4,62.5,0.0134,2.939,2542.120713526518,1
1,1,4,25,0.0134,2.939,172.04833886851765,1
1,1,4,62.5,0.0134,2.939,2542.120713526518,1
1,1,4,20,0.0134,2.939,89.29598981166903,1
1,1,4,25,0.0134,2.939,172.04833886851765,1
1,1,4,30,0.0134,2.939,294.0113972311972,1
1,1,4,35,0.0134,2.939,462.50963107985876,1
1,1,4,40,0.0134,2.939,684.7926855451241,1
1,1,4,62.5,0.0134,2.939,2542.120713526518,1
1,1,4,125,0.0134,2.939,19495.003908543084,1
1,1,4,15,0.0134,2.939,38.338666994920125,1
1,1,4,35,0.0134,2.939,462.50963107985876,1
1,1,4,40,0.0134,2.939,684.7926855451241,1
1,1,4,35,0.0134,2.939,462.50963107985876,1
1,1,4,50,0.0134,2.939,1319.403528264083,1
1,1,4,30,0.0134,2.939,294.0113972311972,1
1,1,4,25,0.0134,2.939,172.04833886851765,1
1,1,4,20,0.0134,2.939,89.29598981166903,1
1,1,4,25,0.0134,2.939,172.04833886851765,1
1,1,4,30,0.0134,2.939,294.0113972311972,1
1,1,4,40,0.0134,2.939,684.7926855451241,1
1,1,4,50,0.0134,2.939,1319.403528264083,1
1,1,4,62.5,0.0134,2.939,2542.120713526518,1
1,1,4,30,0.0134,2.939,294.0113972311972,1
1,1,4,50,0.0134,2.939,1319.403528264083,1
1,1,4,20,0.0134,2.939,89.29598981166903,1
1,1,4,30,0.0134,2.939,294.0113972311972,1
1,1,4,50,0.0134,2.939,1319.403528264083,1
1,1,4,25,0.0134,2.939,172.04833886851765,1
1,1,4,30,0.0134,2.939,294.0113972311972,1
1,1,4,50,0.0134,2.939,1319.403528264083,1
1,1,4,30,0.0134,2.939,294.0113972311972,1
1,1,4,35,0.0134,2.939,462.50963107985876,1
1,1,4,40,0.0134,2.939,684.7926855451241,1
1,1,4,62.5,0.0134,2.939,2542.120713526518,1
1,1,4,62.5,0.0134,2.939,2542.120713526518,1
1,1,4,30,0.0134,2.939,294.0113972311972,1
1,1,4,35,0.0134,2.939,462.50963107985876,1
1,1,4,40,0.0134,2.939,684.7926855451241,1
1,1,4,62.5,0.0134,2.939,2542.120713526518,1
1,1,4,20,0.0134,2.939,89.29598981166903,1
1,1,4,30,0.0134,2.939,294.0113972311972,1
1,1,4,50,0.0134,2.939,1319.403528264083,1
1,1,4,75,0.0134,2.939,4344.200402222338,1
1,1,4,30,0.0134,2.939,294.0113972311972,1
1,1,4,40,0.0134,2.939,684.7926855451241,1
1,1,4,25,0.0134,2.939,172.04833886851765,1
1,1,4,40,0.0134,2.939,684.7926855451241,1
1,1,4,50,0.0134,2.939,1319.403528264083,1
1,1,4,75,0.0134,2.939,4344.200402222338,1
1,1,4,35,0.0134,2.939,462.50963107985876,1
1,1,4,20,0.0134,2.939,89.29598981166903,1
1,1,4,25,0.0134,2.939,172.04833886851765,1
1,1,4,30,0.0134,2.939,294.0113972311972,1
1,1,4,35,0.0134,2.939,462.50963107985876,1
1,1,4,40,0.0134,2.939,684.7926855451241,1
1,1,4,50,0.0134,2.939,1319.403528264083,1
1,1,4,87.5,0.0134,2.939,6833.86611638343,1
1,1,4,30,0.0134,2.939,294.0113972311972,1
1,1,4,35,0.0134,2.939,462.50963107985876,1
1,1,4,40,0.0134,2.939,684.7926855451241,1
1,1,4,20,0.0134,2.939,89.29598981166903,1
1,1,4,25,0.0134,2.939,172.04833886851765,1
1,1,4,30,0.0134,2.939,294.0113972311972,1
1,1,4,35,0.0134,2.939,462.50963107985876,1
1,1,4,50,0.0134,2.939,1319.403528264083,1
1,1,4,15,0.0134,2.939,38.338666994920125,1
1,1,4,25,0.0134,2.939,172.04833886851765,1
1,1,33,15,0.0134,2.939,38.338666994920125,1
1,1,33,5,0.0134,2.939,1.5183700935009676,1
1,1,33,7.5,0.0134,2.939,4.999307512530041,1
1,1,33,5,0.0134,2.939,1.5183700935009676,1
1,1,33,7.5,0.0134,2.939,4.999307512530041,1
1,1,33,10,0.0134,2.939,11.644069752436447,1
1,1,33,12.5,0.0134,2.939,22.43485808042467,1
1,1,33,12.5,0.0134,2.939,22.43485808042467,1
1,1,33,15,0.0134,2.939,38.338666994920125,1
1,1,60,15,0.0047,3.227,29.332180640480146,1
1,1,60,25,0.0047,3.227,152.4931255367039,1
1,1,60,10,0.0047,3.227,7.926799219327082,1
1,1,60,12.5,0.0047,3.227,16.28645148466009,1
1,1,60,20,0.0047,3.227,74.22012030033804,1
1,1,60,25,0.0047,3.227,152.4931255367039,1
1,1,60,10,0.0047,3.227,7.926799219327082,1
1,1,60,20,0.0047,3.227,74.22012030033804,1
1,1,60,25,0.0047,3.227,152.4931255367039,1
1,1,60,30,0.0047,3.227,274.6427549848418,1
1,1,60,20,0.0047,3.227,74.22012030033804,1
1,1,60,30,0.0047,3.227,274.6427549848418,1
1,1,60,35,0.0047,3.227,451.6535592709181,1
1,1,60,7.5,0.0047,3.227,3.1327126075954363,1
1,1,60,15,0.0047,3.227,29.332180640480146,1
1,1,60,10,0.0047,3.227,7.926799219327082,1
1,1,60,12.5,0.0047,3.227,16.28645148466009,1
1,1,60,15,0.0047,3.227,29.332180640480146,1
1,1,60,25,0.0047,3.227,152.4931255367039,1
1,1,60,10,0.0047,3.227,7.926799219327082,1
1,1,60,12.5,0.0047,3.227,16.28645148466009,1
1,1,60,20,0.0047,3.227,74.22012030033804,1
1,1,60,15,0.0047,3.227,29.332180640480146,1
1,1,60,20,0.0047,3.227,74.22012030033804,1
1,1,60,25,0.0047,3.227,152.4931255367039,1
1,1,60,30,0.0047,3.227,274.6427549848418,1
1,1,60,10,0.0047,3.227,7.926799219327082,1
1,1,60,12.5,0.0047,3.227,16.28645148466009,1
1,1,60,15,0.0047,3.227,29.332180640480146,1
1,1,60,20,0.0047,3.227,74.22012030033804,1
1,1,60,25,0.0047,3.227,152.4931255367039,1
1,1,60,25,0.0047,3.227,152.4931255367039,1
1,1,60,30,0.0047,3.227,274.6427549848418,1
1,1,60,35,0.0047,3.227,451.6535592709181,1
1,1,60,15,0.0047,3.227,29.332180640480146,1
1,1,60,20,0.0047,3.227,74.22012030033804,1
1,1,60,25,0.0047,3.227,152.4931255367039,1
1,1,60,30,0.0047,3.227,274.6427549848418,1
1,1,60,35,0.0047,3.227,451.6535592709181,1
1,1,60,12.5,0.0047,3.227,16.28645148466009,1
1,1,60,15,0.0047,3.227,29.332180640480146,1
1,1,60,25,0.0047,3.227,152.4931255367039,1
1,1,60,35,0.0047,3.227,451.6535592709181,1
1,1,60,12.5,0.0047,3.227,16.28645148466009,1
1,1,60,15,0.0047,3.227,29.332180640480146,1
1,1,60,25,0.0047,3.227,152.4931255367039,1
1,1,60,30,0.0047,3.227,274.6427549848418,1
1,1,60,15,0.0047,3.227,29.332180640480146,1
1,1,60,25,0.0047,3.227,152.4931255367039,1
1,1,60,20,0.0047,3.227,74.22012030033804,1
1,1,60,30,0.0047,3.227,274.6427549848418,1
1,1,60,10,0.0047,3.227,7.926799219327082,1
1,1,60,15,0.0047,3.227,29.332180640480146,1
1,1,60,25,0.0047,3.227,152.4931255367039,1
1,1,60,12.5,0.0047,3.227,16.28645148466009,1
1,1,60,15,0.0047,3.227,29.332180640480146,1
1,1,60,30,0.0047,3.227,274.6427549848418,1
1,1,60,15,0.0047,3.227,29.332180640480146,1
1,1,60,25,0.0047,3.227,152.4931255367039,1
1,1,60,30,0.0047,3.227,274.6427549848418,1
1,1,60,15,0.0047,3.227,29.332180640480146,1
1,1,60,10,0.0047,3.227,7.926799219327082,1
1,1,60,12.5,0.0047,3.227,16.28645148466009,1
1,1,60,15,0.0047,3.227,29.332180640480146,1
1,1,60,20,0.0047,3.227,74.22012030033804,1
1,1,60,30,0.0047,3.227,274.6427549848418,1
1,1,60,35,0.0047,3.227,451.6535592709181,1
1,1,60,12.5,0.0047,3.227,16.28645148466009,1
1,1,60,20,0.0047,3.227,74.22012030033804,1
1,1,60,35,0.0047,3.227,451.6535592709181,1
1,1,60,20,0.0047,3.227,74.22012030033804,1
1,1,60,25,0.0047,3.227,152.4931255367039,1
1,1,60,30,0.0047,3.227,274.6427549848418,1
1,1,60,35,0.0047,3.227,451.6535592709181,1
1,1,60,10,0.0047,3.227,7.926799219327082,1
1,1,60,25,0.0047,3.227,152.4931255367039,1
1,1,60,35,0.0047,3.227,451.6535592709181,1
1,1,60,12.5,0.0047,3.227,16.28645148466009,1
1,1,60,15,0.0047,3.227,29.332180640480146,1
1,1,60,20,0.0047,3.227,74.22012030033804,1
1,1,60,30,0.0047,3.227,274.6427549848418,1
1,1,60,15,0.0047,3.227,29.332180640480146,1
1,1,60,20,0.0047,3.227,74.22012030033804,1
1,1,60,25,0.0047,3.227,152.4931255367039,1
1,1,60,35,0.0047,3.227,451.6535592709181,1
1,1,60,25,0.0047,3.227,152.4931255367039,1
1,1,60,35,0.0047,3.227,451.6535592709181,1
1,1,60,20,0.0047,3.227,74.22012030033804,1
1,1,60,30,0.0047,3.227,274.6427549848418,1
1,1,60,35,0.0047,3.227,451.6535592709181,1
1,1,60,20,0.0047,3.227,74.22012030033804,1
1,1,60,35,0.0047,3.227,451.6535592709181,1
1,1,60,10,0.0047,3.227,7.926799219327082,1
1,1,60,12.5,0.0047,3.227,16.28645148466009,1
1,1,60,25,0.0047,3.227,152.4931255367039,1
1,1,60,50,0.0047,3.227,1427.8219756989786,1
1,1,60,7.5,0.0047,3.227,3.1327126075954363,1
1,1,60,25,0.0047,3.227,152.4931255367039,1
1,1,60,12.5,0.0047,3.227,16.28645148466009,1
1,1,60,20,0.0047,3.227,74.22012030033804,1
1,1,60,25,0.0047,3.227,152.4931255367039,1
1,1,60,10,0.0047,3.227,7.926799219327082,1
1,1,60,12.5,0.0047,3.227,16.28645148466009,1
1,1,60,30,0.0047,3.227,274.6427549848418,1
1,1,80,2.5,0.198,2.504,1.9638439357488209,1
1,1,56,20,0.0556,2.877,307.707505190301,1
1,1,56,25,0.0556,2.877,584.7203334355502,1
1,1,56,30,0.0556,2.877,987.9902105182287,1
1,1,56,25,0.0556,2.877,584.7203334355502,1
1,1,56,30,0.0556,2.877,987.9902105182287,1
1,1,56,20,0.0556,2.877,307.707505190301,1
1,1,56,20,0.0556,2.877,307.707505190301,1
1,1,56,35,0.0556,2.877,1539.4250709945125,1
1,1,56,15,0.0556,2.877,134.48979880445535,1
1,1,56,25,0.0556,2.877,584.7203334355502,1
1,1,56,15,0.0556,2.877,134.48979880445535,1
1,1,102,15,0.0478,2.77,86.53677062731515,1
1,1,102,20,0.0478,2.77,191.9910503651427,1
1,1,102,15,0.0478,2.77,86.53677062731515,1
1,1,102,25,0.0478,2.77,356.2228062728694,1
1,1,102,10,0.0478,2.77,28.146726725997155,1
1,1,102,12.5,0.0478,2.77,52.22381961378476,1
1,1,102,7.5,0.0478,2.77,12.686668623172238,1
1,1,102,10,0.0478,2.77,28.146726725997155,1
1,1,102,12.5,0.0478,2.77,52.22381961378476,1
1,1,102,15,0.0478,2.77,86.53677062731515,1
1,1,102,15,0.0478,2.77,86.53677062731515,1
1,1,102,10,0.0478,2.77,28.146726725997155,1
1,1,102,12.5,0.0478,2.77,52.22381961378476,1
1,1,102,15,0.0478,2.77,86.53677062731515,1
1,1,102,15,0.0478,2.77,86.53677062731515,1
1,1,102,25,0.0478,2.77,356.2228062728694,1
1,1,102,10,0.0478,2.77,28.146726725997155,1
1,1,102,20,0.0478,2.77,191.9910503651427,1
1,1,102,15,0.0478,2.77,86.53677062731515,1
1,1,102,20,0.0478,2.77,191.9910503651427,1
1,1,102,15,0.0478,2.77,86.53677062731515,1
1,1,102,20,0.0478,2.77,191.9910503651427,1
1,1,102,7.5,0.0478,2.77,12.686668623172238,1
1,1,102,10,0.0478,2.77,28.146726725997155,1
1,1,102,12.5,0.0478,2.77,52.22381961378476,1
1,1,102,15,0.0478,2.77,86.53677062731515,1
1,1,102,20,0.0478,2.77,191.9910503651427,1
1,1,102,12.5,0.0478,2.77,52.22381961378476,1
1,1,102,15,0.0478,2.77,86.53677062731515,1
1,6,66,15,0.0017,3.145,8.49681047249336,1
1,6,66,30,0.0017,3.145,75.16147035910869,1
1,6,66,40,0.0017,3.145,185.7494746385373,1
1,6,66,250,0.0017,3.145,59152.11106273921,1
1,6,66,187.5,0.0017,3.145,23935.24746690389,1
1,6,66,187.5,0.0017,3.145,23935.24746690389,1
1,1,22,12.5,0.0124,2.946,21.13092864445644,1
1,1,22,15,0.0124,2.946,36.15651255614367,1
1,1,22,12.5,0.0124,2.946,21.13092864445644,1
1,1,22,7.5,0.0124,2.946,4.6919369463019835,1
1,1,22,12.5,0.0124,2.946,21.13092864445644,1
1,1,22,15,0.0124,2.946,36.15651255614367,1
1,1,22,20,0.0124,2.946,84.38321197087222,1
1,1,22,30,0.0124,2.946,278.62552612795366,1
1,1,22,15,0.0124,2.946,36.15651255614367,1
1,1,22,15,0.0124,2.946,36.15651255614367,1
1,1,22,7.5,0.0124,2.946,4.6919369463019835,1
1,1,22,10,0.0124,2.946,10.95019076519018,1
1,1,22,10,0.0124,2.946,10.95019076519018,1
1,1,22,12.5,0.0124,2.946,21.13092864445644,1
1,1,22,15,0.0124,2.946,36.15651255614367,1
1,1,22,20,0.0124,2.946,84.38321197087222,1
1,1,22,25,0.0124,2.946,162.83694678770968,1
1,1,22,12.5,0.0124,2.946,21.13092864445644,1
1,1,88,20,0.0179,2.973,132.07335436766638,1
1,1,88,12.5,0.0179,2.973,32.65626410077032,1
1,1,88,15,0.0179,2.973,56.15291990719274,1
1,1,88,20,0.0179,2.973,132.07335436766638,1
1,1,88,30,0.0179,2.973,440.89433763802225,1
1,1,18,12.5,0.0058,3.18,17.84850457616516,1
1,1,18,20,0.0058,3.18,79.56157645613693,1
1,1,18,15,0.0058,3.18,31.87118398121076,1
1,1,18,20,0.0058,3.18,79.56157645613693,1
1,1,18,20,0.0058,3.18,79.56157645613693,1
1,1,18,7.5,0.0058,3.18,3.5165986994431826,1
1,1,18,15,0.0058,3.18,31.87118398121076,1
1,1,18,20,0.0058,3.18,79.56157645613693,1
1,1,18,25,0.0058,3.18,161.76226568772663,1
1,1,18,10,0.0058,3.18,8.778655240930009,1
1,1,18,12.5,0.0058,3.18,17.84850457616516,1
1,1,18,15,0.0058,3.18,31.87118398121076,1
1,1,18,15,0.0058,3.18,31.87118398121076,1
1,1,18,25,0.0058,3.18,161.76226568772663,1
1,1,18,20,0.0058,3.18,79.56157645613693,1
1,1,18,20,0.0058,3.18,79.56157645613693,1
1,1,18,25,0.0058,3.18,161.76226568772663,1
1,1,18,12.5,0.0058,3.18,17.84850457616516,1
1,1,27,40,0.254,2.38,1650.959790231841,1
1,1,13,20,0.0323,2.953,224.46265705273845,1
1,1,13,10,0.0323,2.953,28.986950062374166,1
1,1,13,12.5,0.0323,2.953,56.024474387219264,1
1,1,13,10,0.0323,2.953,28.986950062374166,1
1,1,13,12.5,0.0323,2.953,56.024474387219264,1
1,1,13,10,0.0323,2.953,28.986950062374166,1
1,1,13,10,0.0323,2.953,28.986950062374166,1
1,1,13,12.5,0.0323,2.953,56.024474387219264,1
1,1,2,40,0.0152,3.0063,995.672563245973,1
1,1,2,50,0.0152,3.0063,1947.4087273784842,1
1,1,2,40,0.0152,3.0063,995.672563245973,1
1,1,2,35,0.0152,3.0063,666.4619349439097,1
1,1,2,35,0.0152,3.0063,666.4619349439097,1
1,1,2,25,0.0152,3.0063,242.3654088313962,1
1,1,2,50,0.0152,3.0063,1947.4087273784842,1
1,5,39,5,0.639558848178133,2.74853900600229,53.33678483018139,1
1,5,39,2.5,0.639558848178133,2.74853900600229,7.936593693617885,1
1,5,39,5,0.639558848178133,2.74853900600229,53.33678483018139,1
1,5,39,7.5,0.639558848178133,2.74853900600229,162.5625588536523,1
1,5,39,2.5,0.639558848178133,2.74853900600229,7.936593693617885,1
1,5,39,5,0.639558848178133,2.74853900600229,53.33678483018139,1
1,5,39,5,0.639558848178133,2.74853900600229,53.33678483018139,1
1,5,39,2.5,0.639558848178133,2.74853900600229,7.936593693617885,1
1,5,39,5,0.639558848178133,2.74853900600229,53.33678483018139,1
1,5,39,2.5,0.639558848178133,2.74853900600229,7.936593693617885,1
1,5,39,5,0.639558848178133,2.74853900600229,53.33678483018139,1
1,5,39,7.5,0.639558848178133,2.74853900600229,162.5625588536523,1
1,5,15,2.5,0.639558848178133,2.74853900600229,7.936593693617885,1
1,5,15,5,0.639558848178133,2.74853900600229,53.33678483018139,1
1,5,15,7.5,0.639558848178133,2.74853900600229,162.5625588536523,1
1,5,15,2.5,0.639558848178133,2.74853900600229,7.936593693617885,1
1,5,15,5,0.639558848178133,2.74853900600229,53.33678483018139,1
1,5,15,7.5,0.639558848178133,2.74853900600229,162.5625588536523,1
1,5,15,2.5,0.639558848178133,2.74853900600229,7.936593693617885,1
1,5,15,5,0.639558848178133,2.74853900600229,53.33678483018139,1
1,5,15,7.5,0.639558848178133,2.74853900600229,162.5625588536523,1
1,5,15,2.5,0.639558848178133,2.74853900600229,7.936593693617885,1
1,5,15,5,0.639558848178133,2.74853900600229,53.33678483018139,1
1,5,15,7.5,0.639558848178133,2.74853900600229,162.5625588536523,1
1,5,15,2.5,0.639558848178133,2.74853900600229,7.936593693617885,1
1,5,15,5,0.639558848178133,2.74853900600229,53.33678483018139,1
1,5,15,7.5,0.639558848178133,2.74853900600229,162.5625588536523,1
1,5,15,2.5,0.639558848178133,2.74853900600229,7.936593693617885,1
1,5,15,5,0.639558848178133,2.74853900600229,53.33678483018139,1
1,5,15,7.5,0.639558848178133,2.74853900600229,162.5625588536523,1
1,5,15,2.5,0.639558848178133,2.74853900600229,7.936593693617885,1
1,5,15,5,0.639558848178133,2.74853900600229,53.33678483018139,1
1,5,15,7.5,0.639558848178133,2.74853900600229,162.5625588536523,1
1,5,15,2.5,0.639558848178133,2.74853900600229,7.936593693617885,1
1,5,15,5,0.639558848178133,2.74853900600229,53.33678483018139,1
1,5,15,7.5,0.639558848178133,2.74853900600229,162.5625588536523,1
1,5,15,10,0.639558848178133,2.74853900600229,358.442516505373,1
1,5,15,5,0.639558848178133,2.74853900600229,53.33678483018139,1
1,5,15,2.5,0.639558848178133,2.74853900600229,7.936593693617885,1
1,5,15,5,0.639558848178133,2.74853900600229,53.33678483018139,1
1,5,15,7.5,0.639558848178133,2.74853900600229,162.5625588536523,1
1,5,15,2.5,0.639558848178133,2.74853900600229,7.936593693617885,1
1,5,15,5,0.639558848178133,2.74853900600229,53.33678483018139,1
1,5,15,7.5,0.639558848178133,2.74853900600229,162.5625588536523,1
1,5,15,10,0.639558848178133,2.74853900600229,358.442516505373,1
1,5,15,2.5,0.639558848178133,2.74853900600229,7.936593693617885,1
1,5,15,5,0.639558848178133,2.74853900600229,53.33678483018139,1
1,5,15,7.5,0.639558848178133,2.74853900600229,162.5625588536523,1
1,5,15,2.5,0.639558848178133,2.74853900600229,7.936593693617885,1
1,5,15,5,0.639558848178133,2.74853900600229,53.33678483018139,1
1,5,15,7.5,0.639558848178133,2.74853900600229,162.5625588536523,1
1,5,15,2.5,0.639558848178133,2.74853900600229,7.936593693617885,1
1,5,15,5,0.639558848178133,2.74853900600229,53.33678483018139,1
1,5,15,7.5,0.639558848178133,2.74853900600229,162.5625588536523,1
1,5,15,2.5,0.639558848178133,2.74853900600229,7.936593693617885,1
1,5,15,5,0.639558848178133,2.74853900600229,53.33678483018139,1
1,5,15,7.5,0.639558848178133,2.74853900600229,162.5625588536523,1
1,5,15,2.5,0.639558848178133,2.74853900600229,7.936593693617885,1
1,5,15,5,0.639558848178133,2.74853900600229,53.33678483018139,1
1,5,15,7.5,0.639558848178133,2.74853900600229,162.5625588536523,1
1,5,15,2.5,0.639558848178133,2.74853900600229,7.936593693617885,1
1,5,15,5,0.639558848178133,2.74853900600229,53.33678483018139,1
1,5,15,7.5,0.639558848178133,2.74853900600229,162.5625588536523,1
1,5,15,2.5,0.639558848178133,2.74853900600229,7.936593693617885,1
1,5,15,5,0.639558848178133,2.74853900600229,53.33678483018139,1
1,5,15,7.5,0.639558848178133,2.74853900600229,162.5625588536523,1
1,5,15,2.5,0.639558848178133,2.74853900600229,7.936593693617885,1
1,5,15,5,0.639558848178133,2.74853900600229,53.33678483018139,1
1,5,15,7.5,0.639558848178133,2.74853900600229,162.5625588536523,1
1,5,15,2.5,0.639558848178133,2.74853900600229,7.936593693617885,1
1,5,15,5,0.639558848178133,2.74853900600229,53.33678483018139,1
1,5,15,7.5,0.639558848178133,2.74853900600229,162.5625588536523,1
1,5,15,2.5,0.639558848178133,2.74853900600229,7.936593693617885,1
1,5,15,5,0.639558848178133,2.74853900600229,53.33678483018139,1
1,5,15,7.5,0.639558848178133,2.74853900600229,162.5625588536523,1
1,5,15,10,0.639558848178133,2.74853900600229,358.442516505373,1
1,5,15,2.5,0.639558848178133,2.74853900600229,7.936593693617885,1
1,5,15,5,0.639558848178133,2.74853900600229,53.33678483018139,1
1,5,15,7.5,0.639558848178133,2.74853900600229,162.5625588536523,1
1,5,15,2.5,0.639558848178133,2.74853900600229,7.936593693617885,1
1,5,15,5,0.639558848178133,2.74853900600229,53.33678483018139,1
1,5,15,7.5,0.639558848178133,2.74853900600229,162.5625588536523,1
1,5,15,2.5,0.639558848178133,2.74853900600229,7.936593693617885,1
1,5,15,5,0.639558848178133,2.74853900600229,53.33678483018139,1
1,5,15,7.5,0.639558848178133,2.74853900600229,162.5625588536523,1
1,5,15,2.5,0.639558848178133,2.74853900600229,7.936593693617885,1
1,5,15,5,0.639558848178133,2.74853900600229,53.33678483018139,1
1,5,15,7.5,0.639558848178133,2.74853900600229,162.5625588536523,1
1,5,15,2.5,0.639558848178133,2.74853900600229,7.936593693617885,1
1,5,15,5,0.639558848178133,2.74853900600229,53.33678483018139,1
1,5,15,7.5,0.639558848178133,2.74853900600229,162.5625588536523,1
1,5,15,2.5,0.639558848178133,2.74853900600229,7.936593693617885,1
1,5,15,5,0.639558848178133,2.74853900600229,53.33678483018139,1
1,5,15,7.5,0.639558848178133,2.74853900600229,162.5625588536523,1
1,5,15,2.5,0.639558848178133,2.74853900600229,7.936593693617885,1
1,5,15,5,0.639558848178133,2.74853900600229,53.33678483018139,1
1,5,15,7.5,0.639558848178133,2.74853900600229,162.5625588536523,1
1,5,15,2.5,0.639558848178133,2.74853900600229,7.936593693617885,1
1,5,15,5,0.639558848178133,2.74853900600229,53.33678483018139,1
1,5,15,7.5,0.639558848178133,2.74853900600229,162.5625588536523,1
1,5,15,10,0.639558848178133,2.74853900600229,358.442516505373,1
1,5,15,2.5,0.639558848178133,2.74853900600229,7.936593693617885,1
1,5,15,5,0.639558848178133,2.74853900600229,53.33678483018139,1
1,5,15,7.5,0.639558848178133,2.74853900600229,162.5625588536523,1
1,5,15,2.5,0.639558848178133,2.74853900600229,7.936593693617885,1
1,5,15,5,0.639558848178133,2.74853900600229,53.33678483018139,1
1,5,15,7.5,0.639558848178133,2.74853900600229,162.5625588536523,1
1,5,15,2.5,0.639558848178133,2.74853900600229,7.936593693617885,1
1,5,15,5,0.639558848178133,2.74853900600229,53.33678483018139,1
1,5,15,7.5,0.639558848178133,2.74853900600229,162.5625588536523,1
1,5,15,2.5,0.639558848178133,2.74853900600229,7.936593693617885,1
1,5,15,5,0.639558848178133,2.74853900600229,53.33678483018139,1
1,5,15,7.5,0.639558848178133,2.74853900600229,162.5625588536523,1
1,2,34,5,0.082812881990008,2.74853900600229,6.906280603341795,1
1,2,24,7.5,0.082812881990008,2.74853900600229,21.04931241384633,1
1,2,75,2.5,0.082812881990008,2.74853900600229,1.0276649268859126,1
1,2,75,5,0.082812881990008,2.74853900600229,6.906280603341795,1
1,2,75,2.5,0.082812881990008,2.74853900600229,1.0276649268859126,1
1,2,75,5,0.082812881990008,2.74853900600229,6.906280603341795,1
1,2,75,2.5,0.082812881990008,2.74853900600229,1.0276649268859126,1
1,2,75,5,0.082812881990008,2.74853900600229,6.906280603341795,1
1,2,75,5,0.082812881990008,2.74853900600229,6.906280603341795,1
1,2,75,2.5,0.082812881990008,2.74853900600229,1.0276649268859126,1
1,2,75,5,0.082812881990008,2.74853900600229,6.906280603341795,1
1,2,75,5,0.082812881990008,2.74853900600229,6.906280603341795,1
1,2,75,2.5,0.082812881990008,2.74853900600229,1.0276649268859126,1
1,2,75,5,0.082812881990008,2.74853900600229,6.906280603341795,1
1,2,75,2.5,0.082812881990008,2.74853900600229,1.0276649268859126,1
1,2,75,5,0.082812881990008,2.74853900600229,6.906280603341795,1
1,2,75,5,0.082812881990008,2.74853900600229,6.906280603341795,1
1,2,75,5,0.082812881990008,2.74853900600229,6.906280603341795,1
1,2,75,2.5,0.082812881990008,2.74853900600229,1.0276649268859126,1
1,2,75,5,0.082812881990008,2.74853900600229,6.906280603341795,1
1,2,78,2.5,0.082812881990008,2.74853900600229,1.0276649268859126,1
1,2,78,5,0.082812881990008,2.74853900600229,6.906280603341795,1
1,2,78,7.5,0.082812881990008,2.74853900600229,21.04931241384633,1
1,2,78,5,0.082812881990008,2.74853900600229,6.906280603341795,1
1,2,78,5,0.082812881990008,2.74853900600229,6.906280603341795,1
1,2,78,5,0.082812881990008,2.74853900600229,6.906280603341795,1
1,2,78,5,0.082812881990008,2.74853900600229,6.906280603341795,1
1,2,78,5,0.082812881990008,2.74853900600229,6.906280603341795,1
1,2,78,2.5,0.082812881990008,2.74853900600229,1.0276649268859126,1
1,2,78,5,0.082812881990008,2.74853900600229,6.906280603341795,1
1,2,78,7.5,0.082812881990008,2.74853900600229,21.04931241384633,1
1,2,78,5,0.082812881990008,2.74853900600229,6.906280603341795,1
1,2,78,5,0.082812881990008,2.74853900600229,6.906280603341795,1
1,2,78,7.5,0.082812881990008,2.74853900600229,21.04931241384633,1
1,2,78,5,0.082812881990008,2.74853900600229,6.906280603341795,1
1,2,78,5,0.082812881990008,2.74853900600229,6.906280603341795,1
1,2,78,5,0.082812881990008,2.74853900600229,6.906280603341795,1
1,2,78,5,0.082812881990008,2.74853900600229,6.906280603341795,1
1,5,76,2.5,0.639558848178133,2.74853900600229,7.936593693617885,1
1,5,76,5,0.639558848178133,2.74853900600229,53.33678483018139,1
1,5,76,7.5,0.639558848178133,2.74853900600229,162.5625588536523,1
1,5,76,2.5,0.639558848178133,2.74853900600229,7.936593693617885,1
1,5,76,5,0.639558848178133,2.74853900600229,53.33678483018139,1
1,5,76,7.5,0.639558848178133,2.74853900600229,162.5625588536523,1
1,5,76,2.5,0.639558848178133,2.74853900600229,7.936593693617885,1
1,5,76,5,0.639558848178133,2.74853900600229,53.33678483018139,1
1,5,76,7.5,0.639558848178133,2.74853900600229,162.5625588536523,1
1,5,76,5,0.639558848178133,2.74853900600229,53.33678483018139,1
1,5,76,2.5,0.639558848178133,2.74853900600229,7.936593693617885,1
1,5,76,5,0.639558848178133,2.74853900600229,53.33678483018139,1
1,5,76,2.5,0.639558848178133,2.74853900600229,7.936593693617885,1
1,5,76,5,0.639558848178133,2.74853900600229,53.33678483018139,1
1,5,76,7.5,0.639558848178133,2.74853900600229,162.5625588536523,1
1,5,76,2.5,0.639558848178133,2.74853900600229,7.936593693617885,1
1,5,76,5,0.639558848178133,2.74853900600229,53.33678483018139,1
1,5,76,2.5,0.639558848178133,2.74853900600229,7.936593693617885,1
1,5,76,2.5,0.639558848178133,2.74853900600229,7.936593693617885,1
1,5,76,5,0.639558848178133,2.74853900600229,53.33678483018139,1
1,5,76,2.5,0.639558848178133,2.74853900600229,7.936593693617885,1
1,5,76,5,0.639558848178133,2.74853900600229,53.33678483018139,1
1,5,76,5,0.639558848178133,2.74853900600229,53.33678483018139,1
1,5,76,2.5,0.639558848178133,2.74853900600229,7.936593693617885,1
1,5,76,5,0.639558848178133,2.74853900600229,53.33678483018139,1
1,5,76,7.5,0.639558848178133,2.74853900600229,162.5625588536523,1
1,5,76,5,0.639558848178133,2.74853900600229,53.33678483018139,1
1,5,76,5,0.639558848178133,2.74853900600229,53.33678483018139,1
1,5,76,5,0.639558848178133,2.74853900600229,53.33678483018139,1
1,5,76,5,0.639558848178133,2.74853900600229,53.33678483018139,1
1,5,40,5,0.639558848178133,2.74853900600229,53.33678483018139,1
1,5,40,7.5,0.639558848178133,2.74853900600229,162.5625588536523,1
1,5,40,5,0.639558848178133,2.74853900600229,53.33678483018139,1
1,5,40,7.5,0.639558848178133,2.74853900600229,162.5625588536523,1
1,7,26,5,0.265860972468117,2.74853900600229,22.17179783169102,1
1,7,26,5,0.265860972468117,2.74853900600229,22.17179783169102,1
1,7,26,2.5,0.265860972468117,2.74853900600229,3.2991968189952705,1
1,7,26,5,0.265860972468117,2.74853900600229,22.17179783169102,1
1,7,26,5,0.265860972468117,2.74853900600229,22.17179783169102,1
1,7,26,5,0.265860972468117,2.74853900600229,22.17179783169102,1
1,7,87,2.5,0.265860972468117,2.74853900600229,3.2991968189952705,1
1,7,87,5,0.265860972468117,2.74853900600229,22.17179783169102,1
1,7,87,7.5,0.265860972468117,2.74853900600229,67.5763303202709,1
1,7,87,5,0.265860972468117,2.74853900600229,22.17179783169102,1
1,7,87,5,0.265860972468117,2.74853900600229,22.17179783169102,1
1,7,87,5,0.265860972468117,2.74853900600229,22.17179783169102,1
1,7,87,5,0.265860972468117,2.74853900600229,22.17179783169102,1
1,7,87,5,0.265860972468117,2.74853900600229,22.17179783169102,1
1,7,87,5,0.265860972468117,2.74853900600229,22.17179783169102,1
1,7,12,5,0.265860972468117,2.74853900600229,22.17179783169102,1
1,7,12,7.5,0.265860972468117,2.74853900600229,67.5763303202709,1
1,7,12,10,0.265860972468117,2.74853900600229,149.00251366000222,1
1,7,12,5,0.265860972468117,2.74853900600229,22.17179783169102,1
1,7,12,7.5,0.265860972468117,2.74853900600229,67.5763303202709,1
1,7,12,5,0.265860972468117,2.74853900600229,22.17179783169102,1
1,7,12,7.5,0.265860972468117,2.74853900600229,67.5763303202709,1
1,7,12,2.5,0.265860972468117,2.74853900600229,3.2991968189952705,1
1,7,12,5,0.265860972468117,2.74853900600229,22.17179783169102,1
1,7,12,7.5,0.265860972468117,2.74853900600229,67.5763303202709,1
1,7,12,10,0.265860972468117,2.74853900600229,149.00251366000222,1
1,7,12,5,0.265860972468117,2.74853900600229,22.17179783169102,1
1,7,12,7.5,0.265860972468117,2.74853900600229,67.5763303202709,1
1,7,12,5,0.265860972468117,2.74853900600229,22.17179783169102,1
1,7,12,7.5,0.265860972468117,2.74853900600229,67.5763303202709,1
1,7,12,10,0.265860972468117,2.74853900600229,149.00251366000222,1
1,7,12,5,0.265860972468117,2.74853900600229,22.17179783169102,1
1,7,12,7.5,0.265860972468117,2.74853900600229,67.5763303202709,1
1,7,12,5,0.265860972468117,2.74853900600229,22.17179783169102,1
1,7,12,7.5,0.265860972468117,2.74853900600229,67.5763303202709,1
1,3,96,25,0.709833560000985,2.74853900600229,4936.841341722887,1
1,3,96,30,0.709833560000985,2.74853900600229,8148.579622914,1
1,3,96,25,0.709833560000985,2.74853900600229,4936.841341722887,1
1,3,96,30,0.709833560000985,2.74853900600229,8148.579622914,1
1,3,96,35,0.709833560000985,2.74853900600229,12447.661687105583,1
1,7,105,5,0.265860972468117,2.74853900600229,22.17179783169102,1
1,7,105,5,0.265860972468117,2.74853900600229,22.17179783169102,1
1,7,105,5,0.265860972468117,2.74853900600229,22.17179783169102,1
1,3,61,25,0.709833560000985,2.74853900600229,4936.841341722887,1
1,3,61,30,0.709833560000985,2.74853900600229,8148.579622914,1
1,3,61,15,0.709833560000985,2.74853900600229,1212.5208869089327,1
1,7,5,2.5,0.265860972468117,2.74853900600229,3.2991968189952705,1
1,7,5,5,0.265860972468117,2.74853900600229,22.17179783169102,1
1,7,5,2.5,0.265860972468117,2.74853900600229,3.2991968189952705,1
1,7,5,5,0.265860972468117,2.74853900600229,22.17179783169102,1
1,6,10,87.5,0.0017,3.145,2178.0319595869532,1
1,1,99,10,0.011,3.06,12.62968983646571,1
1,1,14,15,0.0156,3.026,56.49067293952156,1
1,1,47,2.5,0.0106,3.086,0.17920442614069812,1
1,1,47,5,0.0106,3.086,1.52169389641813,1
1,1,31,25,0.0556,2.877,584.7203334355502,1
1,1,31,20,0.0556,2.877,307.707505190301,1
1,1,31,30,0.0556,2.877,987.9902105182287,1
1,1,31,30,0.0556,2.877,987.9902105182287,1
1,1,31,35,0.0556,2.877,1539.4250709945125,1
1,1,31,25,0.0556,2.877,584.7203334355502,1
1,1,31,20,0.0556,2.877,307.707505190301,1
1,1,31,25,0.0556,2.877,584.7203334355502,1
1,1,31,20,0.0556,2.877,307.707505190301,1
1,1,31,35,0.0556,2.877,1539.4250709945125,1
1,1,31,30,0.0556,2.877,987.9902105182287,1
1,1,31,40,0.0556,2.877,2260.483735818729,1
1,1,31,30,0.0556,2.877,987.9902105182287,1
1,1,31,20,0.0556,2.877,307.707505190301,1
1,1,31,25,0.0556,2.877,584.7203334355502,1
1,1,31,30,0.0556,2.877,987.9902105182287,1
1,1,31,30,0.0556,2.877,987.9902105182287,1
1,1,31,15,0.0556,2.877,134.48979880445535,1
1,1,31,20,0.0556,2.877,307.707505190301,1
1,1,31,30,0.0556,2.877,987.9902105182287,1
1,1,31,35,0.0556,2.877,1539.4250709945125,1
1,1,31,30,0.0556,2.877,987.9902105182287,1
1,1,31,30,0.0556,2.877,987.9902105182287,1
1,1,31,25,0.0556,2.877,584.7203334355502,1
1,1,31,30,0.0556,2.877,987.9902105182287,1
1,1,31,25,0.0556,2.877,584.7203334355502,1
1,1,31,25,0.0556,2.877,584.7203334355502,1
1,1,32,35,0.0556,2.877,1539.4250709945125,1
1,1,32,12.5,0.0556,2.877,79.5948372397059,1
1,1,32,15,0.0556,2.877,134.48979880445535,1
1,1,32,25,0.0556,2.877,584.7203334355502,1
1,1,32,25,0.0556,2.877,584.7203334355502,1
1,1,32,30,0.0556,2.877,987.9902105182287,1
1,1,32,35,0.0556,2.877,1539.4250709945125,1
1,1,32,20,0.0556,2.877,307.707505190301,1
1,1,72,2.5,0.0119,3.026,0.19042038006177694,1
1,1,72,10,0.0119,3.026,12.634177130664819,1
1,1,72,5,0.0119,3.026,1.5510657016996428,1
1,1,72,12.5,0.0119,3.026,24.819707598187623,1
1,1,72,7.5,0.0119,3.026,5.290324897580466,1
1,1,72,10,0.0119,3.026,12.634177130664819,1
1,1,72,12.5,0.0119,3.026,24.819707598187623,1
1,1,72,15,0.0119,3.026,43.09224410130171,1
1,1,72,2.5,0.0119,3.026,0.19042038006177694,1
1,1,72,10,0.0119,3.026,12.634177130664819,1
1,1,72,5,0.0119,3.026,1.5510657016996428,1
1,1,72,10,0.0119,3.026,12.634177130664819,1
1,1,72,5,0.0119,3.026,1.5510657016996428,1
1,1,72,15,0.0119,3.026,43.09224410130171,1
1,1,72,5,0.0119,3.026,1.5510657016996428,1
1,1,72,7.5,0.0119,3.026,5.290324897580466,1
1,1,68,40,0.0097,2.964,543.5976224313936,1
1,1,68,30,0.0097,2.964,231.71765953448119,1
1,1,57,12.5,0.0526,2.818,64.87511800358931,1
1,1,57,10,0.0526,2.818,34.592802244895125,1
1,1,57,12.5,0.0526,2.818,64.87511800358931,1
1,1,57,15,0.0526,2.818,108.44534436254568,1
1,1,57,12.5,0.0526,2.818,64.87511800358931,1
1,1,57,10,0.0526,2.818,34.592802244895125,1
1,1,57,12.5,0.0526,2.818,64.87511800358931,1
1,1,57,10,0.0526,2.818,34.592802244895125,1
1,1,57,5,0.0526,2.818,4.905499280753257,1
1,1,57,12.5,0.0526,2.818,64.87511800358931,1
1,1,43,12.5,0.0152,3.0063,30.163668557182834,1
1,1,43,25,0.0152,3.0063,242.3654088313962,1
1,1,108,12.5,0.0147,3.37,73.09776166589819,1
1,1,108,7.5,0.0147,3.37,13.069945973879351,1
1,1,108,12.5,0.0147,3.37,73.09776166589819,1
1,1,108,10,0.0147,3.37,34.460163585202864,1
1,1,108,15,0.0147,3.37,135.1278534049766,1
1,1,83,10,0.0134,2.939,11.644069752436447,1
1,1,50,5,0.0059,3.231,1.0696066531450272,1
1,1,50,7.5,0.0059,3.231,3.9643770531327793,1
1,1,98,62.5,0.0246,2.845,3163.834492326994,1
1,1,100,30,0.0211,2.832,321.7287329927713,1
1,7,6,5,0.265860972468117,2.74853900600229,22.17179783169102,1
1,7,6,5,0.265860972468117,2.74853900600229,22.17179783169102,1
1,1,86,7.5,0.0167,2.863,5.345851225757486,1
1,7,46,2.5,0.265860972468117,2.74853900600229,3.2991968189952705,1
1,7,46,5,0.265860972468117,2.74853900600229,22.17179783169102,1
1,1,7,30,0.0053,3.207,289.33683966205643,1
1,1,7,25,0.0053,3.207,161.23877033673816,1
1,1,7,12.5,0.0053,3.207,17.460886177918177,1
1,1,7,15,0.0053,3.207,31.332896014195267,1
1,1,7,20,0.0053,3.207,78.8277382256731,1
1,1,7,25,0.0053,3.207,161.23877033673816,1
1,1,7,30,0.0053,3.207,289.33683966205643,1
1,1,7,20,0.0053,3.207,78.8277382256731,1
1,1,7,25,0.0053,3.207,161.23877033673816,1
1,1,7,30,0.0053,3.207,289.33683966205643,1
1,1,7,15,0.0053,3.207,31.332896014195267,1
1,1,7,25,0.0053,3.207,161.23877033673816,1
1,1,7,30,0.0053,3.207,289.33683966205643,1
1,1,7,12.5,0.0053,3.207,17.460886177918177,1
1,1,7,15,0.0053,3.207,31.332896014195267,1
1,1,7,20,0.0053,3.207,78.8277382256731,1
1,1,7,25,0.0053,3.207,161.23877033673816,1
1,1,7,30,0.0053,3.207,289.33683966205643,1
1,1,7,15,0.0053,3.207,31.332896014195267,1
1,1,7,20,0.0053,3.207,78.8277382256731,1
1,1,7,35,0.0053,3.207,474.3534764923938,1
1,1,7,30,0.0053,3.207,289.33683966205643,1
1,1,7,20,0.0053,3.207,78.8277382256731,1
1,1,7,20,0.0053,3.207,78.8277382256731,1
1,1,7,25,0.0053,3.207,161.23877033673816,1
1,1,7,30,0.0053,3.207,289.33683966205643,1
1,1,7,35,0.0053,3.207,474.3534764923938,1
1,1,7,30,0.0053,3.207,289.33683966205643,1
1,1,7,20,0.0053,3.207,78.8277382256731,1
1,1,7,30,0.0053,3.207,289.33683966205643,1
1,1,7,35,0.0053,3.207,474.3534764923938,1
1,1,7,40,0.0053,3.207,727.9176698378329,1
1,1,7,12.5,0.0053,3.207,17.460886177918177,1
1,1,7,15,0.0053,3.207,31.332896014195267,1
1,1,7,20,0.0053,3.207,78.8277382256731,1
1,1,7,12.5,0.0053,3.207,17.460886177918177,1
1,1,7,15,0.0053,3.207,31.332896014195267,1
1,1,7,20,0.0053,3.207,78.8277382256731,1
1,1,7,30,0.0053,3.207,289.33683966205643,1
1,1,7,35,0.0053,3.207,474.3534764923938,1
1,1,7,40,0.0053,3.207,727.9176698378329,1
1,1,7,50,0.0053,3.207,1488.9244907043474,1
1,1,7,25,0.0053,3.207,161.23877033673816,1
1,1,7,30,0.0053,3.207,289.33683966205643,1
1,1,7,35,0.0053,3.207,474.3534764923938,1
1,1,7,15,0.0053,3.207,31.332896014195267,1
1,1,7,20,0.0053,3.207,78.8277382256731,1
1,1,7,30,0.0053,3.207,289.33683966205643,1
1,1,7,30,0.0053,3.207,289.33683966205643,1
1,1,7,35,0.0053,3.207,474.3534764923938,1
1,1,7,40,0.0053,3.207,727.9176698378329,1
1,1,7,20,0.0053,3.207,78.8277382256731,1
1,1,7,25,0.0053,3.207,161.23877033673816,1
1,1,7,30,0.0053,3.207,289.33683966205643,1
1,1,7,35,0.0053,3.207,474.3534764923938,1
1,1,7,15,0.0053,3.207,31.332896014195267,1
1,1,7,20,0.0053,3.207,78.8277382256731,1
1,1,7,25,0.0053,3.207,161.23877033673816,1
1,1,7,30,0.0053,3.207,289.33683966205643,1
1,1,7,35,0.0053,3.207,474.3534764923938,1
1,1,7,12.5,0.0053,3.207,17.460886177918177,1
1,1,7,15,0.0053,3.207,31.332896014195267,1
1,1,7,20,0.0053,3.207,78.8277382256731,1
1,1,7,30,0.0053,3.207,289.33683966205643,1
1,1,20,2.5,0.0088,3.059,0.14513800817576422,1
1,5,25,5,0.639558848178133,2.74853900600229,53.33678483018139,1
1,5,25,7.5,0.639558848178133,2.74853900600229,162.5625588536523,1
1,1,35,15,0.0163,3.022,58.38958509766651,1
1,1,35,20,0.0163,3.022,139.2836859617688,1
1,1,58,40,0.0111,2.997,702.5816015946782,1
1,1,58,35,0.0111,2.997,470.8633712298794,1
1,1,58,25,0.0111,2.997,171.77073926827381,1
1,1,58,15,0.0111,2.997,37.15938196350656,1
1,1,58,30,0.0111,2.997,296.6575318827739,1
1,1,58,35,0.0111,2.997,470.8633712298794,1
1,1,58,30,0.0111,2.997,296.6575318827739,1
1,1,71,12.5,0.0192,3.022,39.642705668581065,1
1,1,71,10,0.0192,3.022,20.19766797740587,1
1,1,71,12.5,0.0192,3.022,39.642705668581065,1
1,1,71,30,0.0192,3.022,558.6781166912524,1
1,1,71,12.5,0.0192,3.022,39.642705668581065,1
1,1,71,15,0.0192,3.022,68.77791618866239,1
1,1,71,20,0.0192,3.022,164.06421904699147,1
1,1,71,25,0.0192,3.022,322.0148758609727,1
1,1,71,20,0.0192,3.022,164.06421904699147,1
1,7,89,2.5,0.265860972468117,2.74853900600229,3.2991968189952705,1
1,1,103,2.5,0.0064,3.09,0.10859619302389102,1
1,1,103,2.5,0.0064,3.09,0.10859619302389102,1
1,1,103,5,0.0064,3.09,0.9246923982606332,1
1,1,103,2.5,0.0064,3.09,0.10859619302389102,1
1,1,81,25,0.0135,3.064,259.1922161802494,1
1,1,81,35,0.0135,3.064,726.7051808395158,1
1,1,81,15,0.0135,3.064,54.184788964165726,1
1,1,81,15,0.0135,3.064,54.184788964165726,1
1,1,81,15,0.0135,3.064,54.184788964165726,1
1,4,21,5,0.675356351318362,2.39253004679212,31.75701876618075,1
1,4,21,7.5,0.675356351318362,2.39253004679212,83.78057833242313,1
1,4,21,5,0.675356351318362,2.39253004679212,31.75701876618075,1
1,4,21,7.5,0.675356351318362,2.39253004679212,83.78057833242313,1
1,4,21,5,0.675356351318362,2.39253004679212,31.75701876618075,1
1,4,21,5,0.675356351318362,2.39253004679212,31.75701876618075,1
1,4,21,7.5,0.675356351318362,2.39253004679212,83.78057833242313,1
1,4,21,5,0.675356351318362,2.39253004679212,31.75701876618075,1
1,4,21,5,0.675356351318362,2.39253004679212,31.75701876618075,1
1,4,21,7.5,0.675356351318362,2.39253004679212,83.78057833242313,1
1,4,21,5,0.675356351318362,2.39253004679212,31.75701876618075,1
1,4,21,7.5,0.675356351318362,2.39253004679212,83.78057833242313,1
1,4,21,5,0.675356351318362,2.39253004679212,31.75701876618075,1
1,4,21,7.5,0.675356351318362,2.39253004679212,83.78057833242313,1
1,1,23,10,0.0124,2.946,10.95019076519018,1
1,1,23,10,0.0124,2.946,10.95019076519018,1
1,1,63,10,0.0134,2.939,11.644069752436447,1
1,1,63,12.5,0.0134,2.939,22.43485808042467,1
1,1,63,15,0.0134,2.939,38.338666994920125,1
1,1,63,20,0.0134,2.939,89.29598981166903,1
1,1,63,25,0.0134,2.939,172.04833886851765,1
1,1,63,30,0.0134,2.939,294.0113972311972,1
1,1,63,40,0.0134,2.939,684.7926855451241,1
1,1,63,10,0.0134,2.939,11.644069752436447,1
1,1,63,12.5,0.0134,2.939,22.43485808042467,1
1,1,63,15,0.0134,2.939,38.338666994920125,1
1,1,63,20,0.0134,2.939,89.29598981166903,1
1,1,63,30,0.0134,2.939,294.0113972311972,1
1,1,63,35,0.0134,2.939,462.50963107985876,1
1,1,63,25,0.0134,2.939,172.04833886851765,1
1,1,63,30,0.0134,2.939,294.0113972311972,1
1,1,63,35,0.0134,2.939,462.50963107985876,1
1,1,63,25,0.0134,2.939,172.04833886851765,1
1,1,63,20,0.0134,2.939,89.29598981166903,1
1,1,63,25,0.0134,2.939,172.04833886851765,1
1,1,63,15,0.0134,2.939,38.338666994920125,1
1,1,63,25,0.0134,2.939,172.04833886851765,1
1,1,63,30,0.0134,2.939,294.0113972311972,1
1,1,63,10,0.0134,2.939,11.644069752436447,1
1,1,63,12.5,0.0134,2.939,22.43485808042467,1
1,1,63,15,0.0134,2.939,38.338666994920125,1
1,1,63,10,0.0134,2.939,11.644069752436447,1
1,1,63,12.5,0.0134,2.939,22.43485808042467,1
1,1,63,15,0.0134,2.939,38.338666994920125,1
1,1,63,20,0.0134,2.939,89.29598981166903,1
1,1,63,25,0.0134,2.939,172.04833886851765,1
1,1,63,30,0.0134,2.939,294.0113972311972,1
1,1,63,15,0.0134,2.939,38.338666994920125,1
1,1,63,25,0.0134,2.939,172.04833886851765,1
1,1,63,30,0.0134,2.939,294.0113972311972,1
1,1,63,35,0.0134,2.939,462.50963107985876,1
1,1,63,20,0.0134,2.939,89.29598981166903,1
1,1,63,25,0.0134,2.939,172.04833886851765,1
1,1,63,30,0.0134,2.939,294.0113972311972,1
1,1,63,35,0.0134,2.939,462.50963107985876,1
1,1,63,20,0.0134,2.939,89.29598981166903,1
1,1,63,25,0.0134,2.939,172.04833886851765,1
1,1,63,30,0.0134,2.939,294.0113972311972,1
1,1,63,35,0.0134,2.939,462.50963107985876,1
1,1,63,20,0.0134,2.939,89.29598981166903,1
1,1,63,30,0.0134,2.939,294.0113972311972,1
1,1,63,35,0.0134,2.939,462.50963107985876,1
1,1,63,25,0.0134,2.939,172.04833886851765,1
1,1,63,20,0.0134,2.939,89.29598981166903,1
1,1,63,25,0.0134,2.939,172.04833886851765,1
1,1,63,30,0.0134,2.939,294.0113972311972,1
1,1,63,35,0.0134,2.939,462.50963107985876,1
1,1,63,40,0.0134,2.939,684.7926855451241,1
1,1,63,25,0.0134,2.939,172.04833886851765,1
1,1,63,30,0.0134,2.939,294.0113972311972,1
1,1,63,10,0.0134,2.939,11.644069752436447,1
1,1,63,12.5,0.0134,2.939,22.43485808042467,1
1,1,63,15,0.0134,2.939,38.338666994920125,1
1,1,63,20,0.0134,2.939,89.29598981166903,1
1,1,63,10,0.0134,2.939,11.644069752436447,1
1,1,63,25,0.0134,2.939,172.04833886851765,1
1,1,63,30,0.0134,2.939,294.0113972311972,1
1,1,63,25,0.0134,2.939,172.04833886851765,1
1,1,63,30,0.0134,2.939,294.0113972311972,1
1,1,63,5,0.0134,2.939,1.5183700935009676,1
1,1,63,7.5,0.0134,2.939,4.999307512530041,1
1,1,63,10,0.0134,2.939,11.644069752436447,1
1,1,63,12.5,0.0134,2.939,22.43485808042467,1
1,1,63,35,0.0134,2.939,462.50963107985876,1
1,1,63,7.5,0.0134,2.939,4.999307512530041,1
1,1,63,15,0.0134,2.939,38.338666994920125,1
1,1,63,20,0.0134,2.939,89.29598981166903,1
1,1,63,25,0.0134,2.939,172.04833886851765,1
1,1,63,30,0.0134,2.939,294.0113972311972,1
1,1,63,20,0.0134,2.939,89.29598981166903,1
1,1,63,15,0.0134,2.939,38.338666994920125,1
1,1,63,20,0.0134,2.939,89.29598981166903,1
1,1,63,25,0.0134,2.939,172.04833886851765,1
1,1,63,30,0.0134,2.939,294.0113972311972,1
1,1,63,35,0.0134,2.939,462.50963107985876,1
1,1,63,35,0.0134,2.939,462.50963107985876,1
1,1,63,15,0.0134,2.939,38.338666994920125,1
1,1,63,20,0.0134,2.939,89.29598981166903,1
1,1,63,15,0.0134,2.939,38.338666994920125,1
1,1,63,25,0.0134,2.939,172.04833886851765,1
1,1,63,30,0.0134,2.939,294.0113972311972,1
1,1,63,5,0.0134,2.939,1.5183700935009676,1
1,1,63,12.5,0.0134,2.939,22.43485808042467,1
1,1,63,15,0.0134,2.939,38.338666994920125,1
1,1,63,20,0.0134,2.939,89.29598981166903,1
1,1,63,30,0.0134,2.939,294.0113972311972,1
1,1,82,15,0.0134,2.939,38.338666994920125,1
1,1,3,20,0.0224,3.044,204.44821592935617,1
1,1,3,30,0.0224,3.044,702.4333418492141,1
1,1,3,25,0.0224,3.044,403.25281218350267,1
1,1,3,30,0.0224,3.044,702.4333418492141,1
1,1,3,25,0.0224,3.044,403.25281218350267,1
1,1,3,20,0.0224,3.044,204.44821592935617,1
1,1,3,20,0.0224,3.044,204.44821592935617,1
1,1,3,35,0.0224,3.044,1123.0294502909899,1
1,1,3,20,0.0224,3.044,204.44821592935617,1
1,1,64,7.5,0.0174,2.906,6.074034854598653,1
1,1,64,12.5,0.0174,2.906,26.802156952974247,1
1,6,65,137.5,0.0017,3.145,9024.245615348727,1
1,6,65,162.5,0.0017,3.145,15260.991669864094,1
1,6,65,250,0.0017,3.145,59152.11106273921,1
1,1,42,12.5,0.0134,2.939,22.43485808042467,1
1,1,42,15,0.0134,2.939,38.338666994920125,1
1,1,62,35,0.0134,2.939,462.50963107985876,1
1,1,62,40,0.0134,2.939,684.7926855451241,1
1,1,62,50,0.0134,2.939,1319.403528264083,1
1,1,62,15,0.0134,2.939,38.338666994920125,1
1,1,62,15,0.0134,2.939,38.338666994920125,1
1,1,62,20,0.0134,2.939,89.29598981166903,1
1,1,62,12.5,0.0134,2.939,22.43485808042467,1
1,1,62,15,0.0134,2.939,38.338666994920125,1
1,1,62,20,0.0134,2.939,89.29598981166903,1
1,1,62,25,0.0134,2.939,172.04833886851765,1
1,1,62,30,0.0134,2.939,294.0113972311972,1
1,1,62,20,0.0134,2.939,89.29598981166903,1
1,1,62,25,0.0134,2.939,172.04833886851765,1
1,1,62,35,0.0134,2.939,462.50963107985876,1
1,1,62,15,0.0134,2.939,38.338666994920125,1
1,1,62,30,0.0134,2.939,294.0113972311972,1
1,1,62,20,0.0134,2.939,89.29598981166903,1
1,1,62,30,0.0134,2.939,294.0113972311972,1
1,8,8,20,0.46126429186663,2.74853900600229,1737.3268301519306,1
1,1,97,40,0.0225,2.847,818.9310039889695,1
1,1,84,5,0.0134,2.939,1.5183700935009676,1
1,1,51,2.5,0.00475,3.229,0.09154653216520076,1
1,1,67,5,0.0084,3.241,1.5475371025146762,1
1,1,59,5,0.014,2.709,1.0955640616339457,1
1,1,85,2.5,0.0167,2.863,0.23015410004718526,1
1,1,85,5,0.0167,2.863,1.674432302149454,1
1,1,85,7.5,0.0167,2.863,5.345851225757486,1
1,1,93,30,0.0155,3.298,1153.1282085009307,1
1,1,93,30,0.0155,3.298,1153.1282085009307,1
1,1,93,40,0.0155,3.298,2978.0058707363305,1
1,1,93,35,0.0155,3.298,1917.2030377093217,1
1,1,93,25,0.0155,3.298,632.0302237283505,1
1,1,93,30,0.0155,3.298,1153.1282085009307,1
1,1,93,35,0.0155,3.298,1917.2030377093217,1
1,1,48,35,0.0174,3.079,987.9495251759569,1
1,1,48,35,0.0174,3.079,987.9495251759569,1
